Category,Link,Press,Date
IT/Science,https://n.news.naver.com/mnews/article/015/0004951246,한국경제,2024/02/21
Column,https://n.news.naver.com/mnews/article/082/0001258936?sid=110,부산일보,2024/03/06
Column,https://n.news.naver.com/mnews/article/028/0002678512?sid=110,한겨레,2024/02/26
Column,https://n.news.naver.com/mnews/article/032/0003280897?sid=110,경향신문,2024/02/25
World,https://n.news.naver.com/mnews/article/123/0002327715,조세일보,2024/02/19
Column,https://n.news.naver.com/mnews/article/024/0000087643?sid=110,매경이코노미,2024/02/24
Column,https://n.news.naver.com/mnews/article/656/0000081907?sid=110,대전일보,2024/03/05
IT/Science,https://n.news.naver.com/mnews/article/366/0000973441,조선비즈,2024/02/27
Column,https://n.news.naver.com/mnews/article/658/0000067336?sid=110,국제신문,2024/02/29
Economy,https://n.news.naver.com/mnews/article/658/0000066616,국제신문,2024/02/21
Column,https://n.news.naver.com/mnews/article/023/0003817611?sid=110,조선일보,2024/02/20
Politics,https://n.news.naver.com/mnews/article/001/0014517542,연합뉴스,2024/02/21
Column,https://n.news.naver.com/mnews/article/008/0005001576?sid=110,머니투데이,2024/02/21
Column,https://n.news.naver.com/mnews/article/025/0003344356?sid=110,중앙일보,2024/02/29
Column,https://n.news.naver.com/mnews/article/469/0000787700?sid=110,한국일보,2024/02/27
Column,https://n.news.naver.com/mnews/article/002/0002322752?sid=110,프레시안,2024/03/09
Society,https://n.news.naver.com/mnews/article/003/0012380039,뉴시스,2024/02/19
Column,https://n.news.naver.com/mnews/article/032/0003281132?sid=110,경향신문,2024/02/26
Column,https://n.news.naver.com/mnews/article/088/0000866324?sid=110,매일신문,2024/03/09
Life/Culture,https://n.news.naver.com/mnews/article/422/0000646278,연합뉴스TV,2024/02/22
IT/Science,https://n.news.naver.com/mnews/article/025/0003342994,중앙일보,2024/02/22
Economy,https://n.news.naver.com/mnews/article/014/0005148895,파이낸셜뉴스,2024/02/28
Life/Culture,https://n.news.naver.com/mnews/article/052/0002002949,YTN,2024/02/26
IT/Science,https://n.news.naver.com/mnews/article/003/0012390843,뉴시스,2024/02/24
Society,https://n.news.naver.com/mnews/article/001/0014512510,연합뉴스,2024/02/19
Society,https://n.news.naver.com/mnews/article/005/0001676751,국민일보,2024/02/26
Economy,https://n.news.naver.com/mnews/article/421/0007372426,뉴스1,2024/02/25
Column,https://n.news.naver.com/mnews/article/023/0003817589?sid=110,조선일보,2024.02.20
Column,https://n.news.naver.com/mnews/article/021/0002622452?sid=110,문화일보,2024/02/21
Column,https://n.news.naver.com/mnews/article/028/0002679786?sid=110,한겨레,2024/03/06
Life/Culture,https://n.news.naver.com/mnews/article/056/0011672227,KBS,2024/02/29
Economy,https://n.news.naver.com/mnews/article/030/0003184917,전자신문,2024/02/28
Column,https://n.news.naver.com/mnews/article/023/0003818025?sid=110,조선일보,2024/02/22
World,https://n.news.naver.com/mnews/article/366/0000971112,조선비즈,2024/02/18
Life/Culture,https://n.news.naver.com/mnews/article/008/0005004735,머니투데이,2024/02/27
Economy,https://n.news.naver.com/mnews/article/008/0005003363,머니투데이,2024/02/24
Column,https://n.news.naver.com/mnews/article/023/0003817595?sid=110,조선일보,2024/02/20
IT/Science,https://n.news.naver.com/mnews/article/036/0000049452,한겨레21,2024/02/21
Column,https://n.news.naver.com/mnews/article/018/0005688821?sid=110,이데일리,2024/03/10
Politics,https://n.news.naver.com/mnews/article/366/0000971947,조선비즈,2024/02/21
Life/Culture,https://n.news.naver.com/mnews/article/449/0000268508,채널A,2024/02/22
Politics,https://n.news.naver.com/mnews/article/052/0002004381,YTN,02.29(목)
Life/Culture,https://n.news.naver.com/mnews/article/009/0005263386,매일경제,2024/02/25
Column,https://n.news.naver.com/mnews/article/088/0000864492?sid=110,매일신문,2024/02/27
Society,https://n.news.naver.com/mnews/article/277/0005384550,아시아경제,2024/02/26
Society,https://n.news.naver.com/mnews/article/008/0005000370,머니투데이,2024/02/19
Column,https://n.news.naver.com/mnews/article/032/0003281390?sid=110,경향신문,2024/02/27
Column,https://n.news.naver.com/mnews/article/028/0002677668?sid=110,한겨레,2024/02/20
World,https://n.news.naver.com/mnews/article/052/0002000383,YTN,2024/02/20
Column,https://n.news.naver.com/mnews/article/028/0002679784?sid=110,한겨레,2024/03/06
IT/Science,https://n.news.naver.com/mnews/article/021/0002623331,문화일보,2024/02/26
Column,https://n.news.naver.com/mnews/article/666/0000034933?sid=110,경기일보,2024/02/29
Society,https://n.news.naver.com/mnews/article/015/0004950660,한국경제,2024/02/20
IT/Science,https://n.news.naver.com/mnews/article/015/0004951782,한국경제,2024/02/22
Politics,https://n.news.naver.com/mnews/article/015/0004950265,한국경제,2024/02/19
Politics,https://n.news.naver.com/mnews/article/020/0003550287,동아일보,2024/02/27
Column,https://n.news.naver.com/mnews/article/024/0000087790?sid=110,매경이코노미,2024/03/04
Politics,https://n.news.naver.com/mnews/article/016/0002268553,헤럴드경제,2024/02/19
Society,https://n.news.naver.com/mnews/article/001/0014513722,연합뉴스,2024/02/19
Column,https://n.news.naver.com/mnews/article/088/0000864264?sid=110,매일신문,2024/02/26
Society,https://n.news.naver.com/mnews/article/009/0005260764,매일경제,2024/02/19
Politics,https://n.news.naver.com/mnews/article/003/0012380307,뉴시스,2024/02/19
IT/Science,https://n.news.naver.com/mnews/article/011/0004302577,서울경제,2024/02/21
Society,https://n.news.naver.com/mnews/article/421/0007368971,뉴스1,2024/02/22
Column,https://n.news.naver.com/mnews/article/032/0003280299?sid=110,경향신문,2024/02/21
Column,https://n.news.naver.com/mnews/article/023/0003819370?sid=110,조선일보,2024/02/29
Column,https://n.news.naver.com/mnews/article/469/0000790115?sid=110,한국일보,2024/03/12
Column,https://n.news.naver.com/mnews/article/025/0003345499?sid=110,중앙일보,2024/03/06
Politics,https://n.news.naver.com/mnews/article/015/0004952521,한국경제,2024/02/25
IT/Science,https://n.news.naver.com/mnews/article/421/0007368898,뉴스1,2024/02/22
Economy,https://n.news.naver.com/mnews/article/015/0004950888,한국경제,2024/02/21
World,https://n.news.naver.com/mnews/article/366/0000973785,조선비즈,2024/02/28
IT/Science,https://n.news.naver.com/mnews/article/029/0002856572,디지털타임스,2024/02/21
Column,https://n.news.naver.com/mnews/article/025/0003342332?sid=110,중앙일보,2024/02/20
Society,https://n.news.naver.com/mnews/article/055/0001132704,SBS,2024/02/21
Society,https://n.news.naver.com/mnews/article/052/0002002495,YTN,02.25(일)
Column,https://n.news.naver.com/mnews/article/666/0000034411?sid=110,경기일보,2024/02/23
Politics,https://n.news.naver.com/mnews/article/003/0012389549,뉴시스,2024/02/23
IT/Science,https://n.news.naver.com/mnews/article/015/0004952618,한국경제,2024/02/25
Life/Culture,https://n.news.naver.com/mnews/article/052/0002002226,YTN,2024/02/24
Column,https://n.news.naver.com/mnews/article/029/0002860348?sid=110,디지털타임스,2024/03/11
Politics,https://n.news.naver.com/mnews/article/014/0005144378,파이낸셜뉴스,2024/02/20
Society,https://n.news.naver.com/mnews/article/002/0002320109,프레시안,2024/02/20
Politics,https://n.news.naver.com/mnews/article/015/0004952369,한국경제,2024/02/24
Life/Culture,https://n.news.naver.com/mnews/article/214/0001333367,MBC,2024/02/28
IT/Science,https://n.news.naver.com/mnews/article/031/0000814328,아이뉴스24,2024/02/21
Column,https://n.news.naver.com/mnews/article/119/0002801649?sid=110,데일리안,2024/02/21
Column,https://n.news.naver.com/mnews/article/032/0003281134?sid=110,경향신문,2024/02/26
Column,https://n.news.naver.com/mnews/article/015/0004956202?sid=110,한국경제,2024/03/06
Life/Culture,https://n.news.naver.com/mnews/article/052/0002000239,YTN,2024/02/20
Life/Culture,https://n.news.naver.com/mnews/article/023/0003818352,조선일보,2024/02/23
World,https://n.news.naver.com/mnews/article/214/0001332565,MBC,2024/02/24
IT/Science,https://n.news.naver.com/mnews/article/138/0002167708,디지털데일리,2024/02/27
Society,https://n.news.naver.com/mnews/article/003/0012387981,뉴시스,2024/02/22
Column,https://n.news.naver.com/mnews/article/020/0003552013?sid=110,동아일보,2024/03/07
World,https://n.news.naver.com/mnews/article/079/0003865734,노컷뉴스,2024/02/21
Column,https://n.news.naver.com/mnews/article/032/0003280552?sid=110,경향신문,2024/02/22
Politics,https://n.news.naver.com/mnews/article/056/0011672106,KBS,2024/02/29
Politics,https://n.news.naver.com/mnews/article/052/0002002818,YTN,02.26(월)
Column,https://n.news.naver.com/mnews/article/032/0003279791?sid=110,경향신문,2024/02/19
Column,https://n.news.naver.com/mnews/article/666/0000034284?sid=110,경기일보,2024/02/22
Life/Culture,https://n.news.naver.com/mnews/article/421/0007370442,뉴스1,2024/02/23
Column,https://n.news.naver.com/mnews/article/011/0004303573?sid=110,서울경제,2024/02/22
Society,https://n.news.naver.com/mnews/article/018/0005676452,이데일리,2024/02/19
Column,https://n.news.naver.com/mnews/article/023/0003817607?sid=110,조선일보,2024/02/20
Column,https://n.news.naver.com/mnews/article/469/0000789540?sid=110,한국일보,2024/03/09
IT/Science,https://n.news.naver.com/mnews/article/421/0007372111,뉴스1,2024/02/25
Column,https://n.news.naver.com/mnews/article/088/0000865747?sid=110,매일신문,2024/03/05
Economy,https://n.news.naver.com/mnews/article/022/0003907543,세계일보,2024/02/25
Column,https://n.news.naver.com/mnews/article/032/0003280043?sid=110,경향신문,2024/02/20
IT/Science,https://n.news.naver.com/mnews/article/023/0003819298,조선일보,2024/02/28
Column,https://n.news.naver.com/mnews/article/082/0001257204?sid=110,부산일보,2024/02/25
Column,https://n.news.naver.com/mnews/article/015/0004952558?sid=110,한국경제,2024/02/25
Column,https://n.news.naver.com/mnews/article/032/0003281130?sid=110,경향신문,2024/02/26
Politics,https://n.news.naver.com/mnews/article/032/0003281268,경향신문,2024/02/27
World,https://n.news.naver.com/mnews/article/008/0005002576,머니투데이,2024/02/22
Economy,https://n.news.naver.com/mnews/article/119/0002802755,데일리안,2024/02/23
Column,https://n.news.naver.com/mnews/article/028/0002679047?sid=110,한겨레,2024/02/29
IT/Science,https://n.news.naver.com/mnews/article/366/0000972972,조선비즈,2024/02/25
Society,https://n.news.naver.com/mnews/article/052/0002001398,YTN,2024/02/22
Column,https://n.news.naver.com/mnews/article/666/0000034410?sid=110,경기일보,2024/02/23
World,https://n.news.naver.com/mnews/article/422/0000647481,연합뉴스TV,2024/02/29
Column,https://n.news.naver.com/mnews/article/421/0007371424?sid=110,뉴스1,2024/02/24
Society,https://n.news.naver.com/mnews/article/056/0011665588,KBS,2024/02/20
Society,https://n.news.naver.com/mnews/article/001/0014525086,연합뉴스,2024/02/24
IT/Science,https://n.news.naver.com/mnews/article/029/0002856551,디지털타임스,2024/02/21
IT/Science,https://n.news.naver.com/mnews/article/008/0005005839,머니투데이,2024/02/29
World,https://n.news.naver.com/mnews/article/469/0000787112,한국일보,2024/02/24
Column,https://n.news.naver.com/mnews/article/022/0003911692?sid=110,세계일보,2024/03/07
Column,https://n.news.naver.com/mnews/article/032/0003279788?sid=110,경향신문,2024/02/19
IT/Science,https://n.news.naver.com/mnews/article/008/0005002186,머니투데이,2024/02/22
Column,https://n.news.naver.com/mnews/article/032/0003281877?sid=110,경향신문,2024/02/29
Society,https://n.news.naver.com/mnews/article/056/0011667298,KBS,2024/02/22
Column,https://n.news.naver.com/mnews/article/028/0002680433?sid=110,한겨레,2024/03/11
IT/Science,https://n.news.naver.com/mnews/article/015/0004950698,한국경제,2024/02/20
Politics,https://n.news.naver.com/mnews/article/032/0003280023,경향신문,2024/02/20
Economy,https://n.news.naver.com/mnews/article/031/0000814761,아이뉴스24,2024/02/22
Society,https://n.news.naver.com/mnews/article/009/0005263029,매일경제,2024/02/23
Politics,https://n.news.naver.com/mnews/article/005/0001677430,국민일보,2024/02/28
Politics,https://n.news.naver.com/mnews/article/011/0004303444,서울경제,2024/02/22
Politics,https://n.news.naver.com/mnews/article/055/0001133877,SBS,2024/02/26
Society,https://n.news.naver.com/mnews/article/005/0001675410,국민일보,2024/02/20
Column,https://n.news.naver.com/mnews/article/001/0014552342?sid=110,연합뉴스,2024/03/09
Society,https://n.news.naver.com/mnews/article/052/0001999935,YTN,2024/02/20
Column,https://n.news.naver.com/mnews/article/032/0003282250?sid=110,경향신문,2024/03/03
Column,https://n.news.naver.com/mnews/article/028/0002680247?sid=110,한겨레,2024/03/10
Column,https://n.news.naver.com/mnews/article/028/0002677702?sid=110,한겨레,2024/02/21
Society,https://n.news.naver.com/mnews/article/421/0007372773,뉴스1,2024/02/25
Column,https://n.news.naver.com/mnews/article/005/0001676346?sid=110,국민일보,2024/02/24
Life/Culture,https://n.news.naver.com/mnews/article/018/0005683521,이데일리,2024/02/29
Column,https://n.news.naver.com/mnews/article/011/0004303555?sid=110,서울경제,2024/02/22
Economy,https://n.news.naver.com/mnews/article/081/0003431785,서울신문,02.21(수)
Column,https://n.news.naver.com/mnews/article/088/0000866429?sid=110,매일신문,2024/03/10
World,https://n.news.naver.com/mnews/article/469/0000786250,한국일보,2024/02/19
Column,https://n.news.naver.com/mnews/article/005/0001675169?sid=110,국민일보,2024/02/20
World,https://n.news.naver.com/mnews/article/016/0002268831,헤럴드경제,2024/02/20
Life/Culture,https://n.news.naver.com/mnews/article/087/0001026951,강원일보,2024/02/20
Column,https://n.news.naver.com/mnews/article/666/0000034071?sid=110,경기일보,2024/02/20
Politics,https://n.news.naver.com/mnews/article/055/0001132108,SBS,2024/02/19
Column,https://n.news.naver.com/mnews/article/001/0014538180?sid=110,연합뉴스,2024/03/02
IT/Science,https://n.news.naver.com/mnews/article/003/0012384333,뉴시스,2024/02/21
Column,https://n.news.naver.com/mnews/article/023/0003819350?sid=110,조선일보,2024.02.29
Column,https://n.news.naver.com/mnews/article/032/0003281879?sid=110,경향신문,2024/02/29
Column,https://n.news.naver.com/mnews/article/469/0000790125?sid=110,한국일보,2024/03/12
Column,https://n.news.naver.com/mnews/article/088/0000866459?sid=110,매일신문,2024.03.10
Column,https://n.news.naver.com/mnews/article/029/0002859199?sid=110,디지털타임스,2024/03/05
Society,https://n.news.naver.com/mnews/article/016/0002271445,헤럴드경제,2024/02/25
Column,https://n.news.naver.com/mnews/article/011/0004308210?sid=110,서울경제,2024/03/05
Life/Culture,https://n.news.naver.com/mnews/article/022/0003906136,세계일보,2024/02/20
Life/Culture,https://n.news.naver.com/mnews/article/422/0000646992,연합뉴스TV,2024/02/27
Life/Culture,https://n.news.naver.com/mnews/article/469/0000786263,한국일보,2024/02/19
World,https://n.news.naver.com/mnews/article/008/0005005743,머니투데이,2024/02/29
Economy,https://n.news.naver.com/mnews/article/011/0004301703,서울경제,2024/02/19
Column,https://n.news.naver.com/mnews/article/656/0000081908?sid=110,대전일보,2024/03/05
World,https://n.news.naver.com/mnews/article/003/0012394024,뉴시스,2024/02/26
Life/Culture,https://n.news.naver.com/mnews/article/469/0000786246,한국일보,2024/02/19
Society,https://n.news.naver.com/mnews/article/056/0011667529,KBS,2024/02/22
Society,https://n.news.naver.com/mnews/article/056/0011670298,KBS,2024/02/27
Column,https://n.news.naver.com/mnews/article/023/0003820365?sid=110,조선일보,2024/03/05
Column,https://n.news.naver.com/mnews/article/088/0000865293?sid=110,매일신문,2024/03/03
World,https://n.news.naver.com/mnews/article/021/0002623022,문화일보,2024/02/24
Column,https://n.news.naver.com/mnews/article/025/0003342342?sid=110,중앙일보,2024/02/20
Life/Culture,https://n.news.naver.com/mnews/article/020/0003549789,동아일보,2024/02/24
IT/Science,https://n.news.naver.com/mnews/article/366/0000971392,조선비즈,2024/02/19
Column,https://n.news.naver.com/mnews/article/658/0000066993?sid=110,국제신문,2024/02/26
Economy,https://n.news.naver.com/mnews/article/018/0005677653,이데일리,2024/02/21
Life/Culture,https://n.news.naver.com/mnews/article/009/0005264033,매일경제,2024/02/26
Life/Culture,https://n.news.naver.com/mnews/article/366/0000971445,조선비즈,2024/02/19
Column,https://n.news.naver.com/mnews/article/005/0001678027?sid=110,국민일보,2024/03/02
Column,https://n.news.naver.com/mnews/article/032/0003282514?sid=110,경향신문,2024/03/04
Column,https://n.news.naver.com/mnews/article/666/0000034938?sid=110,경기일보,2024/02/29
Column,https://n.news.naver.com/mnews/article/016/0002269748?sid=110,헤럴드경제,2024/02/21
Column,https://n.news.naver.com/mnews/article/028/0002677711?sid=110,한겨레,2024/02/21
Economy,https://n.news.naver.com/mnews/article/008/0005003214,머니투데이,2024/02/23
Society,https://n.news.naver.com/mnews/article/421/0007363356,뉴스1,2024/02/20
World,https://n.news.naver.com/mnews/article/056/0011667222,KBS,2024/02/22
Life/Culture,https://n.news.naver.com/mnews/article/421/0007363822,뉴스1,2024/02/21
Society,https://n.news.naver.com/mnews/article/052/0002002243,YTN,2024/02/24
Column,https://n.news.naver.com/mnews/article/023/0003818093?sid=110,조선일보,2024/02/22
Politics,https://n.news.naver.com/mnews/article/003/0012380573,뉴시스,2024/02/19
Politics,https://n.news.naver.com/mnews/article/031/0000815277,아이뉴스24,2024/02/24
IT/Science,https://n.news.naver.com/mnews/article/015/0004950975,한국경제,2024/02/21
Column,https://n.news.naver.com/mnews/article/025/0003342334?sid=110,중앙일보,2024/02/20
IT/Science,https://n.news.naver.com/mnews/article/029/0002858291,디지털타임스,2024/02/29
Column,https://n.news.naver.com/mnews/article/469/0000788915?sid=110,한국일보,2024/03/05
IT/Science,https://n.news.naver.com/mnews/article/018/0005677581,이데일리,2024/02/21
Economy,https://n.news.naver.com/mnews/article/421/0007367944,뉴스1,2024/02/22
Column,https://n.news.naver.com/mnews/article/032/0003281883?sid=110,경향신문,2024/02/29
World,https://n.news.naver.com/mnews/article/586/0000073058,시사저널,2024/02/19
Column,https://n.news.naver.com/mnews/article/032/0003282507?sid=110,경향신문,2024/03/04
Politics,https://n.news.naver.com/mnews/article/025/0003343020,중앙일보,2024/02/22
Economy,https://n.news.naver.com/mnews/article/018/0005681690,이데일리,2024/02/27
Column,https://n.news.naver.com/mnews/article/032/0003282253?sid=110,경향신문,2024/03/03
Column,https://n.news.naver.com/mnews/article/666/0000034285?sid=110,경기일보,2024/02/22
Column,https://n.news.naver.com/mnews/article/032/0003282765?sid=110,경향신문,2024/03/05
Life/Culture,https://n.news.naver.com/mnews/article/056/0011665049,KBS,2024/02/19
Column,https://n.news.naver.com/mnews/article/011/0004305035?sid=110,서울경제,2024/02/26
Society,https://n.news.naver.com/mnews/article/001/0014514274,연합뉴스,2024/02/19
Column,https://n.news.naver.com/mnews/article/028/0002678327?sid=110,한겨레,2024/02/25
Column,https://n.news.naver.com/mnews/article/014/0005154433?sid=110,파이낸셜뉴스,2024/03/11
Life/Culture,https://n.news.naver.com/mnews/article/014/0005146209,파이낸셜뉴스,2024/02/22
Column,https://n.news.naver.com/mnews/article/469/0000786471?sid=110,한국일보,2024/02/20
Column,https://n.news.naver.com/mnews/article/028/0002678679?sid=110,한겨레,2024/02/27
Politics,https://n.news.naver.com/mnews/article/088/0000863702,매일신문,2024/02/22
Column,https://n.news.naver.com/mnews/article/025/0003345504?sid=110,중앙일보,2024/03/06
Politics,https://n.news.naver.com/mnews/article/056/0011671396,KBS,2024/02/28
IT/Science,https://n.news.naver.com/mnews/article/011/0004304371,서울경제,2024/02/25
Life/Culture,https://n.news.naver.com/mnews/article/056/0011667309,KBS,2024/02/22
Column,https://n.news.naver.com/mnews/article/023/0003818058?sid=110,조선일보,2024/02/22
IT/Science,https://n.news.naver.com/mnews/article/025/0003343250,중앙일보,2024/02/23
Life/Culture,https://n.news.naver.com/mnews/article/448/0000448767,TV조선,2024/02/21
Column,https://n.news.naver.com/mnews/article/032/0003279792?sid=110,경향신문,2024/02/19
World,https://n.news.naver.com/mnews/article/008/0005002155,머니투데이,2024/02/22
IT/Science,https://n.news.naver.com/mnews/article/277/0005383509,아시아경제,2024/02/22
Politics,https://n.news.naver.com/mnews/article/057/0001801487,MBN,2024/02/25
Politics,https://n.news.naver.com/mnews/article/056/0011668051,KBS,2024/02/23
Society,https://n.news.naver.com/mnews/article/014/0005145402,파이낸셜뉴스,2024/02/21
Column,https://n.news.naver.com/mnews/article/025/0003342343?sid=110,중앙일보,2024/02/20
Economy,https://n.news.naver.com/mnews/article/005/0001675422,국민일보,2024/02/20
Life/Culture,https://n.news.naver.com/mnews/article/448/0000449192,TV조선,2024/02/25
Politics,https://n.news.naver.com/mnews/article/469/0000786479,한국일보,2024/02/20
Society,https://n.news.naver.com/mnews/article/020/0003550239,동아일보,2024/02/27
IT/Science,https://n.news.naver.com/mnews/article/030/0003183103,전자신문,2024/02/22
Column,https://n.news.naver.com/mnews/article/008/0005005497?sid=110,머니투데이,2024/02/29
Life/Culture,https://n.news.naver.com/mnews/article/277/0005384044,아시아경제,2024/02/24
Economy,https://n.news.naver.com/mnews/article/079/0003868321,노컷뉴스,2024/02/28
World,https://n.news.naver.com/mnews/article/001/0014514358,연합뉴스,2024/02/20
Politics,https://n.news.naver.com/mnews/article/052/0002002469,YTN,2024/02/25
Politics,https://n.news.naver.com/mnews/article/003/0012400179,뉴시스,2024/02/29
Society,https://n.news.naver.com/mnews/article/011/0004302379,서울경제,2024/02/20
Politics,https://n.news.naver.com/mnews/article/005/0001675609,국민일보,2024/02/21
Column,https://n.news.naver.com/mnews/article/032/0003280556?sid=110,경향신문,2024/02/22
Column,https://n.news.naver.com/mnews/article/032/0003281869?sid=110,경향신문,2024/02/29
Column,https://n.news.naver.com/mnews/article/119/0002807352?sid=110,데일리안,2024/03/08
Life/Culture,https://n.news.naver.com/mnews/article/277/0005381449,아시아경제,2024/02/19
Life/Culture,https://n.news.naver.com/mnews/article/057/0001800612,MBN,2024/02/21
IT/Science,https://n.news.naver.com/mnews/article/003/0012398677,뉴시스,2024/02/28
Column,https://n.news.naver.com/mnews/article/658/0000066677?sid=110,국제신문,2024/02/22
Column,https://n.news.naver.com/mnews/article/023/0003817603?sid=110,조선일보,2024/02/20
Politics,https://n.news.naver.com/mnews/article/032/0003279947,경향신문,2024/02/20
Column,https://n.news.naver.com/mnews/article/127/0000035375?sid=110,기자협회보,2024/03/05
World,https://n.news.naver.com/mnews/article/081/0003431648,서울신문,2024/02/20
Politics,https://n.news.naver.com/mnews/article/018/0005682000,이데일리,2024/02/28
Society,https://n.news.naver.com/mnews/article/016/0002271459,헤럴드경제,2024/02/25
Life/Culture,https://n.news.naver.com/mnews/article/277/0005382429,아시아경제,2024/02/21
Column,https://n.news.naver.com/mnews/article/127/0000035377?sid=110,기자협회보,2024/03/05
Column,https://n.news.naver.com/mnews/article/001/0014552265?sid=110,연합뉴스,2024/03/09
Life/Culture,https://n.news.naver.com/mnews/article/001/0014526400,연합뉴스,2024/02/25
Column,https://n.news.naver.com/mnews/article/032/0003283272?sid=110,경향신문,2024/03/07
Life/Culture,https://n.news.naver.com/mnews/article/028/0002677948,한겨레,2024/02/22
World,https://n.news.naver.com/mnews/article/366/0000973014,조선비즈,2024/02/25
Economy,https://n.news.naver.com/mnews/article/008/0005004990,머니투데이,2024/02/28
Column,https://n.news.naver.com/mnews/article/666/0000034073?sid=110,경기일보,2024/02/20
Society,https://n.news.naver.com/mnews/article/057/0001801317,MBN,2024/02/23
IT/Science,https://n.news.naver.com/mnews/article/417/0000983461,머니S,2024/02/22
Politics,https://n.news.naver.com/mnews/article/023/0003819260,조선일보,2024/02/28
Economy,https://n.news.naver.com/mnews/article/025/0003342898,중앙일보,2024/02/22
Column,https://n.news.naver.com/mnews/article/029/0002860606?sid=110,디지털타임스,2024/03/12
Politics,https://n.news.naver.com/mnews/article/016/0002271330,헤럴드경제,2024/02/24
Column,https://n.news.naver.com/mnews/article/029/0002857913?sid=110,디지털타임스,2024/02/27
IT/Science,https://n.news.naver.com/mnews/article/016/0002272317,헤럴드경제,2024/02/27
Column,https://n.news.naver.com/mnews/article/011/0004303557?sid=110,서울경제,2024.02.22
Society,https://n.news.naver.com/mnews/article/421/0007381393,뉴스1,2024/02/28
Society,https://n.news.naver.com/mnews/article/586/0000073728,시사저널,2024/02/29
Society,https://n.news.naver.com/mnews/article/016/0002273294,헤럴드경제,2024/02/28
Column,https://n.news.naver.com/mnews/article/032/0003282109?sid=110,경향신문,2024/03/02
Life/Culture,https://n.news.naver.com/mnews/article/052/0002002304,YTN,2024/02/24
World,https://n.news.naver.com/mnews/article/001/0014525517,연합뉴스,2024/02/25
Society,https://n.news.naver.com/mnews/article/081/0003432633,서울신문,2024/02/24
Column,https://n.news.naver.com/mnews/article/023/0003820140?sid=110,조선일보,2024/03/04
Column,https://n.news.naver.com/mnews/article/025/0003342331?sid=110,중앙일보,2024/02/20
Column,https://n.news.naver.com/mnews/article/011/0004302376?sid=110,서울경제,2024/02/20
IT/Science,https://n.news.naver.com/mnews/article/003/0012392447,뉴시스,2024/02/26
World,https://n.news.naver.com/mnews/article/018/0005679791,이데일리,2024/02/24
Life/Culture,https://n.news.naver.com/mnews/article/422/0000646733,연합뉴스TV,2024/02/25
World,https://n.news.naver.com/mnews/article/001/0014519518,연합뉴스,2024/02/22
Column,https://n.news.naver.com/mnews/article/005/0001676618?sid=110,국민일보,2024/02/26
World,https://n.news.naver.com/mnews/article/052/0002000896,YTN,2024/02/21
Politics,https://n.news.naver.com/mnews/article/366/0000972083,조선비즈,2024/02/21
Economy,https://n.news.naver.com/mnews/article/014/0005144014,파이낸셜뉴스,2024/02/19
IT/Science,https://n.news.naver.com/mnews/article/003/0012389907,뉴시스,2024/02/23
World,https://n.news.naver.com/mnews/article/011/0004304494,서울경제,2024/02/26
World,https://n.news.naver.com/mnews/article/437/0000380463,JTBC,2024/02/20
World,https://n.news.naver.com/mnews/article/001/0014514871,연합뉴스,2024/02/20
Column,https://n.news.naver.com/mnews/article/032/0003281876?sid=110,경향신문,2024/02/29
Column,https://n.news.naver.com/mnews/article/119/0002805090?sid=110,데일리안,2024/03/02
Life/Culture,https://n.news.naver.com/mnews/article/214/0001331527,MBC,2024/02/19
IT/Science,https://n.news.naver.com/mnews/article/011/0004303475,서울경제,2024/02/22
Column,https://n.news.naver.com/mnews/article/028/0002678678?sid=110,한겨레,2024/02/27
IT/Science,https://n.news.naver.com/mnews/article/003/0012380882,뉴시스,2024/02/19
IT/Science,https://n.news.naver.com/mnews/article/366/0000973667,조선비즈,2024/02/27
IT/Science,https://n.news.naver.com/mnews/article/029/0002857176,디지털타임스,2024/02/23
IT/Science,https://n.news.naver.com/mnews/article/014/0005149198,파이낸셜뉴스,2024/02/29
Column,https://n.news.naver.com/mnews/article/021/0002622450?sid=110,문화일보,2024/02/21
World,https://n.news.naver.com/mnews/article/016/0002271280,헤럴드경제,2024/02/24
World,https://n.news.naver.com/mnews/article/421/0007359222,뉴스1,2024/02/19
Society,https://n.news.naver.com/mnews/article/008/0005002420,머니투데이,2024/02/22
Life/Culture,https://n.news.naver.com/mnews/article/022/0003908789,세계일보,2024/02/28
Column,https://n.news.naver.com/mnews/article/666/0000034072?sid=110,경기일보,2024/02/20
Society,https://n.news.naver.com/mnews/article/028/0002678421,한겨레,2024/02/26
Politics,https://n.news.naver.com/mnews/article/052/0001999983,YTN,2024/02/19
Economy,https://n.news.naver.com/mnews/article/055/0001134005,SBS,2024/02/26
Life/Culture,https://n.news.naver.com/mnews/article/082/0001256698,부산일보,2024/02/21
Column,https://n.news.naver.com/mnews/article/020/0003549023?sid=110,동아일보,2024.02.20
Column,https://n.news.naver.com/mnews/article/088/0000864948?sid=110,매일신문,2024/02/29
IT/Science,https://n.news.naver.com/mnews/article/008/0005003315,머니투데이,2024/02/24
Life/Culture,https://n.news.naver.com/mnews/article/009/0005263074,매일경제,2024/02/24
World,https://n.news.naver.com/mnews/article/056/0011666197,KBS,2024/02/21
Column,https://n.news.naver.com/mnews/article/005/0001675779?sid=110,국민일보,2024/02/22
Economy,https://n.news.naver.com/mnews/article/015/0004952210,한국경제,2024/02/23
Column,https://n.news.naver.com/mnews/article/015/0004956205?sid=110,한국경제,2024/03/06
Life/Culture,https://n.news.naver.com/mnews/article/421/0007366006,뉴스1,2024/02/21
Column,https://n.news.naver.com/mnews/article/002/0002322624?sid=110,프레시안,2024/03/08
Column,https://n.news.naver.com/mnews/article/028/0002679045?sid=110,한겨레,2024/02/29
Politics,https://n.news.naver.com/mnews/article/437/0000381123,JTBC,2024/02/25
Life/Culture,https://n.news.naver.com/mnews/article/421/0007371565,뉴스1,2024/02/24
Column,https://n.news.naver.com/mnews/article/025/0003342341?sid=110,중앙일보,2024/02/20
IT/Science,https://n.news.naver.com/mnews/article/008/0005003317,머니투데이,2024/02/24
Column,https://n.news.naver.com/mnews/article/277/0005383496?sid=110,아시아경제,2024/02/22
IT/Science,https://n.news.naver.com/mnews/article/366/0000971883,조선비즈,2024/02/21
World,https://n.news.naver.com/mnews/article/057/0001800937,MBN,2024/02/22
World,https://n.news.naver.com/mnews/article/001/0014524520,연합뉴스,2024/02/24
Economy,https://n.news.naver.com/mnews/article/001/0014521716,연합뉴스,2024/02/22
Economy,https://n.news.naver.com/mnews/article/081/0003433905,서울신문,2024/02/29
Life/Culture,https://n.news.naver.com/mnews/article/056/0011671339,KBS,2024/02/28
World,https://n.news.naver.com/mnews/article/032/0003279837,경향신문,2024/02/19
IT/Science,https://n.news.naver.com/mnews/article/421/0007371429,뉴스1,2024/02/24
Column,https://n.news.naver.com/mnews/article/032/0003282252?sid=110,경향신문,2024/03/03
Politics,https://n.news.naver.com/mnews/article/014/0005146325,파이낸셜뉴스,2024/02/22
Column,https://n.news.naver.com/mnews/article/127/0000035302?sid=110,기자협회보,2024/02/20
Economy,https://n.news.naver.com/mnews/article/025/0003343219,중앙일보,2024/02/23
Society,https://n.news.naver.com/mnews/article/011/0004303244,서울경제,2024/02/22
Column,https://n.news.naver.com/mnews/article/032/0003280554?sid=110,경향신문,2024/02/22
Politics,https://n.news.naver.com/mnews/article/029/0002856076,디지털타임스,2024/02/19
Society,https://n.news.naver.com/mnews/article/055/0001134375,SBS,2024/02/27
Economy,https://n.news.naver.com/mnews/article/023/0003818438,조선일보,2024/02/23
Life/Culture,https://n.news.naver.com/mnews/article/009/0005263502,매일경제,2024/02/25
World,https://n.news.naver.com/mnews/article/011/0004305581,서울경제,2024/02/27
Life/Culture,https://n.news.naver.com/mnews/article/052/0002004470,YTN,2024/02/29
Economy,https://n.news.naver.com/mnews/article/018/0005680225,이데일리,2024/02/26
World,https://n.news.naver.com/mnews/article/023/0003818976,조선일보,2024/02/27
IT/Science,https://n.news.naver.com/mnews/article/421/0007369274,뉴스1,2024/02/23
Economy,https://n.news.naver.com/mnews/article/009/0005262856,매일경제,2024/02/23
World,https://n.news.naver.com/mnews/article/029/0002857191,디지털타임스,2024/02/24
Economy,https://n.news.naver.com/mnews/article/018/0005679887,이데일리,2024/02/25
Politics,https://n.news.naver.com/mnews/article/021/0002623651,문화일보,2024/02/27
Column,https://n.news.naver.com/mnews/article/082/0001257201?sid=110,부산일보,2024.02.25
Economy,https://n.news.naver.com/mnews/article/001/0014525282,연합뉴스,2024/02/25
Life/Culture,https://n.news.naver.com/mnews/article/055/0001134795,SBS,2024/02/28
Column,https://n.news.naver.com/mnews/article/656/0000082741?sid=110,대전일보,2024/03/11
Economy,https://n.news.naver.com/mnews/article/032/0003279733,경향신문,2024/02/19
Column,https://n.news.naver.com/mnews/article/022/0003905776?sid=110,세계일보,2024/02/20
Economy,https://n.news.naver.com/mnews/article/056/0011664834,KBS,2024/02/19
Economy,https://n.news.naver.com/mnews/article/011/0004302580,서울경제,2024/02/21
Politics,https://n.news.naver.com/mnews/article/422/0000646493,연합뉴스TV,2024/02/23
Column,https://n.news.naver.com/mnews/article/346/0000071391?sid=110,헬스조선,2024/03/05
World,https://n.news.naver.com/mnews/article/055/0001132160,SBS,2024/02/19
Politics,https://n.news.naver.com/mnews/article/421/0007364357,뉴스1,2024/02/21
Column,https://n.news.naver.com/mnews/article/025/0003342330?sid=110,중앙일보,2024/02/20
Column,https://n.news.naver.com/mnews/article/014/0005147129?sid=110,파이낸셜뉴스,2024/02/25
Society,https://n.news.naver.com/mnews/article/029/0002857484,디지털타임스,2024/02/26
Economy,https://n.news.naver.com/mnews/article/003/0012383321,뉴시스,2024/02/20
Column,https://n.news.naver.com/mnews/article/025/0003345510?sid=110,중앙일보,2024/03/06
Society,https://n.news.naver.com/mnews/article/052/0002001541,YTN,2024/02/22
Society,https://n.news.naver.com/mnews/article/016/0002268650,헤럴드경제,2024/02/19
Column,https://n.news.naver.com/mnews/article/028/0002680229?sid=110,한겨레,2024/03/10
IT/Science,https://n.news.naver.com/mnews/article/008/0005002495,머니투데이,2024/02/22
Economy,https://n.news.naver.com/mnews/article/023/0003818016,조선일보,2024/02/22
Column,https://n.news.naver.com/mnews/article/421/0007385632?sid=110,뉴스1,2024/03/02
Column,https://n.news.naver.com/mnews/article/021/0002625352?sid=110,문화일보,2024/03/08
Economy,https://n.news.naver.com/mnews/article/029/0002857257,디지털타임스,2024/02/25
Politics,https://n.news.naver.com/mnews/article/277/0005385235,아시아경제,2024/02/27
Column,https://n.news.naver.com/mnews/article/119/0002805800?sid=110,데일리안,2024/03/05
Economy,https://n.news.naver.com/mnews/article/119/0002802872,데일리안,2024/02/23
IT/Science,https://n.news.naver.com/mnews/article/009/0005262395,매일경제,2024/02/22
Politics,https://n.news.naver.com/mnews/article/001/0014524446,연합뉴스,2024/02/23
World,https://n.news.naver.com/mnews/article/052/0002000233,YTN,2024/02/20
World,https://n.news.naver.com/mnews/article/008/0005003360,머니투데이,2024/02/24
Column,https://n.news.naver.com/mnews/article/005/0001679647?sid=110,국민일보,2024/03/09
Column,https://n.news.naver.com/mnews/article/024/0000087565?sid=110,매경이코노미,2024/02/20
Politics,https://n.news.naver.com/mnews/article/025/0003342419,중앙일보,2024/02/20
World,https://n.news.naver.com/mnews/article/001/0014534155,연합뉴스,2024/02/28
IT/Science,https://n.news.naver.com/mnews/article/001/0014517861,연합뉴스,2024/02/21
IT/Science,https://n.news.naver.com/mnews/article/092/0002321915,지디넷코리아,2024/02/20
Column,https://n.news.naver.com/mnews/article/018/0005688948?sid=110,이데일리,2024/03/10
Column,https://n.news.naver.com/mnews/article/014/0005150988?sid=110,파이낸셜뉴스,2024/03/04
Column,https://n.news.naver.com/mnews/article/002/0002321730?sid=110,프레시안,2024/03/02
Life/Culture,https://n.news.naver.com/mnews/article/014/0005145126,파이낸셜뉴스,2024/02/21
Politics,https://n.news.naver.com/mnews/article/025/0003342170,중앙일보,2024/02/19
IT/Science,https://n.news.naver.com/mnews/article/018/0005676272,이데일리,2024/02/19
IT/Science,https://n.news.naver.com/mnews/article/008/0005003743,머니투데이,2024/02/26
Column,https://n.news.naver.com/mnews/article/015/0004956203?sid=110,한국경제,2024/03/06
Column,https://n.news.naver.com/mnews/article/025/0003345500?sid=110,중앙일보,2024/03/06
Society,https://n.news.naver.com/mnews/article/366/0000971587,조선비즈,2024/02/20
Column,https://n.news.naver.com/mnews/article/024/0000087770?sid=110,매경이코노미,2024.03.03
Column,https://n.news.naver.com/mnews/article/005/0001675179?sid=110,국민일보,2024/02/20
Column,https://n.news.naver.com/mnews/article/277/0005389637?sid=110,아시아경제,2024/03/08
Column,https://n.news.naver.com/mnews/article/014/0005152360?sid=110,파이낸셜뉴스,2024/03/06
IT/Science,https://n.news.naver.com/mnews/article/016/0002272609,헤럴드경제,2024/02/27
World,https://n.news.naver.com/mnews/article/448/0000449763,TV조선,2024/02/29
Politics,https://n.news.naver.com/mnews/article/003/0012390434,뉴시스,2024/02/24
Column,https://n.news.naver.com/mnews/article/656/0000082732?sid=110,대전일보,2024/03/11
World,https://n.news.naver.com/mnews/article/003/0012389921,뉴시스,2024/02/23
IT/Science,https://n.news.naver.com/mnews/article/018/0005676373,이데일리,2024/02/19
World,https://n.news.naver.com/mnews/article/469/0000786079,한국일보,2024/02/19
Life/Culture,https://n.news.naver.com/mnews/article/014/0005147753,파이낸셜뉴스,2024/02/26
Politics,https://n.news.naver.com/mnews/article/052/0002002297,YTN,2024/02/24
Politics,https://n.news.naver.com/mnews/article/366/0000973607,조선비즈,2024/02/27
Column,https://n.news.naver.com/mnews/article/002/0002320809?sid=110,프레시안,2024/02/24
Society,https://n.news.naver.com/mnews/article/003/0012390941,뉴시스,2024/02/25
Society,https://n.news.naver.com/mnews/article/011/0004303951,서울경제,2024/02/23
Life/Culture,https://n.news.naver.com/mnews/article/087/0001027508,강원일보,2024/02/22
Life/Culture,https://n.news.naver.com/mnews/article/014/0005144923,파이낸셜뉴스,2024/02/20
World,https://n.news.naver.com/mnews/article/009/0005260837,매일경제,2024/02/20
Society,https://n.news.naver.com/mnews/article/011/0004302103,서울경제,2024/02/20
Politics,https://n.news.naver.com/mnews/article/025/0003342160,중앙일보,2024/02/19
Economy,https://n.news.naver.com/mnews/article/366/0000972749,조선비즈,2024/02/23
Life/Culture,https://n.news.naver.com/mnews/article/003/0012380922,뉴시스,2024/02/19
Column,https://n.news.naver.com/mnews/article/082/0001257203?sid=110,부산일보,2024/02/25
Column,https://n.news.naver.com/mnews/article/469/0000788321?sid=110,한국일보,2024/03/02
Society,https://n.news.naver.com/mnews/article/008/0005000695,머니투데이,2024/02/19
IT/Science,https://n.news.naver.com/mnews/article/009/0005263200,매일경제,2024/02/25
Column,https://n.news.naver.com/mnews/article/020/0003552294?sid=110,동아일보,2024/03/09
Column,https://n.news.naver.com/mnews/article/656/0000081906?sid=110,대전일보,2024/03/05
IT/Science,https://n.news.naver.com/mnews/article/214/0001331506,MBC,2024/02/19
IT/Science,https://n.news.naver.com/mnews/article/025/0003343429,중앙일보,2024/02/25
Column,https://n.news.naver.com/mnews/article/666/0000034287?sid=110,경기일보,2024/02/22
Economy,https://n.news.naver.com/mnews/article/031/0000814330,아이뉴스24,2024/02/21
Column,https://n.news.naver.com/mnews/article/658/0000066996?sid=110,국제신문,2024/02/26
Column,https://n.news.naver.com/mnews/article/025/0003342338?sid=110,중앙일보,2024/02/20
IT/Science,https://n.news.naver.com/mnews/article/469/0000787155,한국일보,2024/02/24
Column,https://n.news.naver.com/mnews/article/658/0000066997?sid=110,국제신문,2024/02/26
Life/Culture,https://n.news.naver.com/mnews/article/056/0011666198,KBS,2024/02/21
Economy,https://n.news.naver.com/mnews/article/025/0003344005,중앙일보,2024/02/27
Society,https://n.news.naver.com/mnews/article/023/0003818668,조선일보,2024/02/25
Column,https://n.news.naver.com/mnews/article/025/0003342339?sid=110,중앙일보,2024/02/20
Column,https://n.news.naver.com/mnews/article/666/0000034936?sid=110,경기일보,2024/02/29
Column,https://n.news.naver.com/mnews/article/421/0007400082?sid=110,뉴스1,2024/03/09
Life/Culture,https://n.news.naver.com/mnews/article/422/0000646298,연합뉴스TV,2024/02/22
World,https://n.news.naver.com/mnews/article/055/0001132555,SBS,2024/02/21
Politics,https://n.news.naver.com/mnews/article/081/0003432607,서울신문,2024/02/24
Economy,https://n.news.naver.com/mnews/article/001/0014521391,연합뉴스,2024/02/22
IT/Science,https://n.news.naver.com/mnews/article/003/0012380304,뉴시스,2024/02/19
Column,https://n.news.naver.com/mnews/article/277/0005382618?sid=110,아시아경제,2024/02/21
Life/Culture,https://n.news.naver.com/mnews/article/009/0005263173,매일경제,2024/02/24
Economy,https://n.news.naver.com/mnews/article/366/0000972792,조선비즈,2024/02/23
Economy,https://n.news.naver.com/mnews/article/008/0005000422,머니투데이,2024/02/19
World,https://n.news.naver.com/mnews/article/056/0011667281,KBS,2024/02/22
IT/Science,https://n.news.naver.com/mnews/article/009/0005260432,매일경제,2024/02/19
World,https://n.news.naver.com/mnews/article/277/0005382400,아시아경제,2024/02/21
World,https://n.news.naver.com/mnews/article/009/0005262972,매일경제,2024/02/23
Politics,https://n.news.naver.com/mnews/article/032/0003280915,경향신문,2024/02/25
Column,https://n.news.naver.com/mnews/article/092/0002323996?sid=110,지디넷코리아,2024/03/10
Politics,https://n.news.naver.com/mnews/article/366/0000972309,조선비즈,2024/02/22
Life/Culture,https://n.news.naver.com/mnews/article/008/0005003370,머니투데이,2024/02/24
Column,https://n.news.naver.com/mnews/article/032/0003281139?sid=110,경향신문,2024/02/26
Column,https://n.news.naver.com/mnews/article/658/0000066998?sid=110,국제신문,2024/02/26
Column,https://n.news.naver.com/mnews/article/009/0005269224?sid=110,매일경제,2024/03/08
Column,https://n.news.naver.com/mnews/article/127/0000035376?sid=110,기자협회보,2024/03/05
IT/Science,https://n.news.naver.com/mnews/article/421/0007371108,뉴스1,2024/02/23
Column,https://n.news.naver.com/mnews/article/277/0005382542?sid=110,아시아경제,2024/02/21
Politics,https://n.news.naver.com/mnews/article/056/0011669260,KBS,2024/02/26
Politics,https://n.news.naver.com/mnews/article/022/0003907220,세계일보,2024/02/23
Life/Culture,https://n.news.naver.com/mnews/article/422/0000646316,연합뉴스TV,2024/02/22
IT/Science,https://n.news.naver.com/mnews/article/003/0012386866,뉴시스,2024/02/22
Politics,https://n.news.naver.com/mnews/article/025/0003343275,중앙일보,2024/02/23
Politics,https://n.news.naver.com/mnews/article/028/0002678218,한겨레,2024/02/23
Life/Culture,https://n.news.naver.com/mnews/article/018/0005682502,이데일리,2024/02/28
Economy,https://n.news.naver.com/mnews/article/648/0000023557,비즈워치,2024/02/23
World,https://n.news.naver.com/mnews/article/001/0014528474,연합뉴스,2024/02/26
Column,https://n.news.naver.com/mnews/article/656/0000081910?sid=110,대전일보,2024/03/05
IT/Science,https://n.news.naver.com/mnews/article/421/0007380053,뉴스1,2024/02/28
Column,https://n.news.naver.com/mnews/article/023/0003818707?sid=110,조선일보,2024/02/26
Economy,https://n.news.naver.com/mnews/article/374/0000372008,SBS Biz,2024/02/26
World,https://n.news.naver.com/mnews/article/022/0003907632,세계일보,2024/02/25
Economy,https://n.news.naver.com/mnews/article/119/0002800966,데일리안,2024/02/19
World,https://n.news.naver.com/mnews/article/023/0003817569,조선일보,2024/02/19
World,https://n.news.naver.com/mnews/article/005/0001677226,국민일보,2024/02/28
Column,https://n.news.naver.com/mnews/article/025/0003345508?sid=110,중앙일보,2024/03/06
Column,https://n.news.naver.com/mnews/article/001/0014524655?sid=110,연합뉴스,2024/02/24
Column,https://n.news.naver.com/mnews/article/009/0005270564?sid=110,매일경제,2024/03/11
Economy,https://n.news.naver.com/mnews/article/448/0000449147,TV조선,02.25(일)
Life/Culture,https://n.news.naver.com/mnews/article/025/0003342267,중앙일보,2024/02/19
Column,https://n.news.naver.com/mnews/article/005/0001676625?sid=110,국민일보,2024/02/26
Column,https://n.news.naver.com/mnews/article/032/0003281385?sid=110,경향신문,2024/02/27
Column,https://n.news.naver.com/mnews/article/119/0002807639?sid=110,데일리안,2024/03/10
Column,https://n.news.naver.com/mnews/article/032/0003281874?sid=110,경향신문,2024/02/29
Life/Culture,https://n.news.naver.com/mnews/article/052/0002001221,YTN,2024/02/22
Column,https://n.news.naver.com/mnews/article/666/0000034409?sid=110,경기일보,2024/02/23
Column,https://n.news.naver.com/mnews/article/008/0005009719?sid=110,머니투데이,2024/03/10
Society,https://n.news.naver.com/mnews/article/003/0012379854,뉴시스,2024/02/19
IT/Science,https://n.news.naver.com/mnews/article/014/0005144287,파이낸셜뉴스,2024/02/20
Life/Culture,https://n.news.naver.com/mnews/article/052/0002000939,YTN,2024/02/21
Politics,https://n.news.naver.com/mnews/article/056/0011665477,KBS,2024/02/20
Life/Culture,https://n.news.naver.com/mnews/article/001/0014523285,연합뉴스,2024/02/23
Column,https://n.news.naver.com/mnews/article/088/0000863846?sid=110,매일신문,2024/02/24
Society,https://n.news.naver.com/mnews/article/437/0000380422,JTBC,2024/02/20
Economy,https://n.news.naver.com/mnews/article/015/0004950067,한국경제,2024/02/19
Column,https://n.news.naver.com/mnews/article/005/0001678018?sid=110,국민일보,2024/03/02
Politics,https://n.news.naver.com/mnews/article/421/0007359549,뉴스1,2024/02/19
Life/Culture,https://n.news.naver.com/mnews/article/656/0000081285,대전일보,2024/02/27
Column,https://n.news.naver.com/mnews/article/002/0002322583?sid=110,프레시안,2024/03/08
Column,https://n.news.naver.com/mnews/article/029/0002857912?sid=110,디지털타임스,2024/02/27
Life/Culture,https://n.news.naver.com/mnews/article/011/0004301720,서울경제,2024/02/19
World,https://n.news.naver.com/mnews/article/422/0000645571,연합뉴스TV,2024/02/19
IT/Science,https://n.news.naver.com/mnews/article/008/0005000470,머니투데이,2024/02/19
Column,https://n.news.naver.com/mnews/article/008/0005002154?sid=110,머니투데이,2024/02/22
Society,https://n.news.naver.com/mnews/article/088/0000862923,매일신문,2024/02/19
Column,https://n.news.naver.com/mnews/article/277/0005389660?sid=110,아시아경제,2024/03/08
Politics,https://n.news.naver.com/mnews/article/008/0005003513,머니투데이,2024/02/25
IT/Science,https://n.news.naver.com/mnews/article/001/0014525294,연합뉴스,2024/02/25
Politics,https://n.news.naver.com/mnews/article/088/0000863985,매일신문,2024/02/25
Column,https://n.news.naver.com/mnews/article/011/0004301811?sid=110,서울경제,2024/02/19
Society,https://n.news.naver.com/mnews/article/020/0003549464,동아일보,2024/02/22
Column,https://n.news.naver.com/mnews/article/658/0000066823?sid=110,국제신문,2024/02/23
World,https://n.news.naver.com/mnews/article/016/0002269661,헤럴드경제,2024/02/21
Economy,https://n.news.naver.com/mnews/article/449/0000268575,채널A,2024/02/23
Politics,https://n.news.naver.com/mnews/article/052/0002000213,YTN,2024/02/20
Column,https://n.news.naver.com/mnews/article/009/0005270015?sid=110,매일경제,2024/03/10
World,https://n.news.naver.com/mnews/article/005/0001677352,국민일보,2024/02/28
Economy,https://n.news.naver.com/mnews/article/011/0004302447,서울경제,2024/02/21
Society,https://n.news.naver.com/mnews/article/011/0004301433,서울경제,2024/02/19
Society,https://n.news.naver.com/mnews/article/052/0001999858,YTN,2024/02/19
World,https://n.news.naver.com/mnews/article/366/0000971155,조선비즈,2024/02/19
Economy,https://n.news.naver.com/mnews/article/243/0000056683,이코노미스트,2024/02/24
Column,https://n.news.naver.com/mnews/article/032/0003282763?sid=110,경향신문,2024/03/05
IT/Science,https://n.news.naver.com/mnews/article/009/0005260390,매일경제,2024/02/19
Column,https://n.news.naver.com/mnews/article/005/0001676335?sid=110,국민일보,2024/02/24
IT/Science,https://n.news.naver.com/mnews/article/421/0007381918,뉴스1,2024/02/29
Economy,https://n.news.naver.com/mnews/article/016/0002271365,헤럴드경제,2024/02/24
Economy,https://n.news.naver.com/mnews/article/437/0000381215,JTBC,2024/02/26
World,https://n.news.naver.com/mnews/article/214/0001333487,MBC,2024/02/29
Column,https://n.news.naver.com/mnews/article/011/0004304082?sid=110,서울경제,2024/02/24
Politics,https://n.news.naver.com/mnews/article/008/0005004416,머니투데이,2024/02/27
Column,https://n.news.naver.com/mnews/article/021/0002625342?sid=110,문화일보,2024.03.08
Column,https://n.news.naver.com/mnews/article/469/0000787127?sid=110,한국일보,2024/02/24
Life/Culture,https://n.news.naver.com/mnews/article/057/0001801416,MBN,2024/02/24
Society,https://n.news.naver.com/mnews/article/215/0001149163,한국경제TV,2024/02/19
Politics,https://n.news.naver.com/mnews/article/437/0000380929,JTBC,2024/02/23
Life/Culture,https://n.news.naver.com/mnews/article/056/0011664786,KBS,2024/02/19
Economy,https://n.news.naver.com/mnews/article/016/0002271904,헤럴드경제,2024/02/26
Column,https://n.news.naver.com/mnews/article/032/0003281391?sid=110,경향신문,2024/02/27
Column,https://n.news.naver.com/mnews/article/469/0000787120?sid=110,한국일보,2024/02/24
Column,https://n.news.naver.com/mnews/article/032/0003282502?sid=110,경향신문,2024/03/04
Society,https://n.news.naver.com/mnews/article/437/0000381300,JTBC,2024/02/26
World,https://n.news.naver.com/mnews/article/421/0007358494,뉴스1,2024/02/19
Column,https://n.news.naver.com/mnews/article/021/0002625343?sid=110,문화일보,2024.03.08
Life/Culture,https://n.news.naver.com/mnews/article/057/0001800303,MBN,2024/02/19
Life/Culture,https://n.news.naver.com/mnews/article/366/0000972523,조선비즈,2024/02/23
Column,https://n.news.naver.com/mnews/article/088/0000866399?sid=110,매일신문,2024/03/10
Economy,https://n.news.naver.com/mnews/article/015/0004951777,한국경제,2024/02/22
Economy,https://n.news.naver.com/mnews/article/011/0004302078,서울경제,2024/02/20
Column,https://n.news.naver.com/mnews/article/008/0005006300?sid=110,머니투데이,2024/03/02
Politics,https://n.news.naver.com/mnews/article/023/0003818729,조선일보,2024/02/26
Life/Culture,https://n.news.naver.com/mnews/article/052/0002000667,YTN,2024/02/21
Column,https://n.news.naver.com/mnews/article/277/0005389667?sid=110,아시아경제,2024/03/08
Economy,https://n.news.naver.com/mnews/article/374/0000371850,SBS Biz,02.26(월)
World,https://n.news.naver.com/mnews/article/001/0014525124,연합뉴스,2024/02/24
Life/Culture,https://n.news.naver.com/mnews/article/052/0002000362,YTN,2024/02/20
Column,https://n.news.naver.com/mnews/article/656/0000082740?sid=110,대전일보,2024/03/11
Life/Culture,https://n.news.naver.com/mnews/article/016/0002272642,헤럴드경제,2024/02/27
Politics,https://n.news.naver.com/mnews/article/003/0012381034,뉴시스,2024/02/19
Column,https://n.news.naver.com/mnews/article/032/0003280558?sid=110,경향신문,2024/02/22
Column,https://n.news.naver.com/mnews/article/658/0000066487?sid=110,국제신문,2024/02/20
Column,https://n.news.naver.com/mnews/article/029/0002859478?sid=110,디지털타임스,2024/03/06
World,https://n.news.naver.com/mnews/article/055/0001134877,SBS,2024/02/29
IT/Science,https://n.news.naver.com/mnews/article/374/0000371821,SBS Biz,2024/02/25
Column,https://n.news.naver.com/mnews/article/024/0000087550?sid=110,매경이코노미,2024/02/19
Politics,https://n.news.naver.com/mnews/article/656/0000080624,대전일보,2024/02/22
Economy,https://n.news.naver.com/mnews/article/014/0005144339,파이낸셜뉴스,2024/02/19
Society,https://n.news.naver.com/mnews/article/421/0007370961,뉴스1,2024/02/23
Column,https://n.news.naver.com/mnews/article/022/0003911691?sid=110,세계일보,2024/03/07
Column,https://n.news.naver.com/mnews/article/023/0003818307?sid=110,조선일보,2024.02.23
Column,https://n.news.naver.com/mnews/article/005/0001676587?sid=110,국민일보,2024/02/26
Column,https://n.news.naver.com/mnews/article/032/0003282255?sid=110,경향신문,2024/03/03
Economy,https://n.news.naver.com/mnews/article/052/0001999948,YTN,2024/02/19
Society,https://n.news.naver.com/mnews/article/003/0012390631,뉴시스,2024/02/24
Column,https://n.news.naver.com/mnews/article/023/0003817643?sid=110,조선일보,2024.02.20
IT/Science,https://n.news.naver.com/mnews/article/277/0005382857,아시아경제,2024/02/21
Column,https://n.news.naver.com/mnews/article/028/0002680228?sid=110,한겨레,2024/03/10
Politics,https://n.news.naver.com/mnews/article/422/0000647272,연합뉴스TV,2024/02/28
Economy,https://n.news.naver.com/mnews/article/001/0014519286,연합뉴스,2024/02/21
Life/Culture,https://n.news.naver.com/mnews/article/003/0012380905,뉴시스,2024/02/19
Society,https://n.news.naver.com/mnews/article/001/0014528033,연합뉴스,2024/02/26
Column,https://n.news.naver.com/mnews/article/009/0005269796?sid=110,매일경제,2024/03/10
Column,https://n.news.naver.com/mnews/article/028/0002678332?sid=110,한겨레,2024/02/25
Economy,https://n.news.naver.com/mnews/article/032/0003280283,경향신문,2024/02/21
Economy,https://n.news.naver.com/mnews/article/023/0003817711,조선일보,2024/02/20
Column,https://n.news.naver.com/mnews/article/469/0000789547?sid=110,한국일보,2024/03/09
Column,https://n.news.naver.com/mnews/article/023/0003819347?sid=110,조선일보,2024/02/29
Economy,https://n.news.naver.com/mnews/article/119/0002803010,데일리안,2024/02/25
Life/Culture,https://n.news.naver.com/mnews/article/214/0001331441,MBC,2024/02/19
Column,https://n.news.naver.com/mnews/article/025/0003345509?sid=110,중앙일보,2024/03/06
Column,https://n.news.naver.com/mnews/article/011/0004308211?sid=110,서울경제,2024/03/05
Column,https://n.news.naver.com/mnews/article/032/0003280557?sid=110,경향신문,2024/02/22
Column,https://n.news.naver.com/mnews/article/028/0002678680?sid=110,한겨레,2024/02/27
Column,https://n.news.naver.com/mnews/article/028/0002680616?sid=110,한겨레,2024/03/12
IT/Science,https://n.news.naver.com/mnews/article/016/0002268513,헤럴드경제,2024/02/19
Column,https://n.news.naver.com/mnews/article/029/0002857638?sid=110,디지털타임스,2024/02/26
Politics,https://n.news.naver.com/mnews/article/421/0007362469,뉴스1,2024/02/20
Column,https://n.news.naver.com/mnews/article/658/0000066488?sid=110,국제신문,2024/02/20
Economy,https://n.news.naver.com/mnews/article/014/0005148334,파이낸셜뉴스,2024/02/27
Column,https://n.news.naver.com/mnews/article/032/0003282501?sid=110,경향신문,2024/03/04
Economy,https://n.news.naver.com/mnews/article/022/0003907586,세계일보,2024/02/25
Politics,https://n.news.naver.com/mnews/article/056/0011669416,KBS,2024/02/26
IT/Science,https://n.news.naver.com/mnews/article/014/0005149341,파이낸셜뉴스,2024/02/29
Politics,https://n.news.naver.com/mnews/article/052/0002003769,YTN,02.29(목)
Column,https://n.news.naver.com/mnews/article/002/0002322754?sid=110,프레시안,2024/03/09
Column,https://n.news.naver.com/mnews/article/666/0000034070?sid=110,경기일보,2024/02/20
IT/Science,https://n.news.naver.com/mnews/article/005/0001675524,국민일보,2024/02/21
Column,https://n.news.naver.com/mnews/article/002/0002322584?sid=110,프레시안,2024/03/08
World,https://n.news.naver.com/mnews/article/214/0001333384,MBC,2024/02/28
Society,https://n.news.naver.com/mnews/article/421/0007370674,뉴스1,2024/02/23
Column,https://n.news.naver.com/mnews/article/032/0003281136?sid=110,경향신문,2024/02/26
Column,https://n.news.naver.com/mnews/article/029/0002860336?sid=110,디지털타임스,2024/03/11
Society,https://n.news.naver.com/mnews/article/023/0003817494,조선일보,2024/02/19
Politics,https://n.news.naver.com/mnews/article/660/0000056195,kbc광주방송,2024/02/24
Column,https://n.news.naver.com/mnews/article/127/0000035301?sid=110,기자협회보,2024/02/20
World,https://n.news.naver.com/mnews/article/001/0014514332,연합뉴스,2024/02/19
Column,https://n.news.naver.com/mnews/article/082/0001257205?sid=110,부산일보,2024/02/25
Life/Culture,https://n.news.naver.com/mnews/article/028/0002677500,한겨레,2024/02/19
Society,https://n.news.naver.com/mnews/article/056/0011666788,KBS,2024/02/21
Politics,https://n.news.naver.com/mnews/article/082/0001256573,부산일보,2024/02/21
Column,https://n.news.naver.com/mnews/article/023/0003817605?sid=110,조선일보,2024.02.20
Life/Culture,https://n.news.naver.com/mnews/article/437/0000381096,JTBC,2024/02/25
World,https://n.news.naver.com/mnews/article/022/0003907550,세계일보,2024/02/25
Column,https://n.news.naver.com/mnews/article/032/0003283273?sid=110,경향신문,2024/03/07
Column,https://n.news.naver.com/mnews/article/032/0003284115?sid=110,경향신문,2024/03/12
Column,https://n.news.naver.com/mnews/article/028/0002678506?sid=110,한겨레,2024/02/26
Column,https://n.news.naver.com/mnews/article/022/0003905777?sid=110,세계일보,2024/02/20
Economy,https://n.news.naver.com/mnews/article/032/0003280961,경향신문,2024/02/25
Column,https://n.news.naver.com/mnews/article/024/0000087766?sid=110,매경이코노미,2024/03/03
Column,https://n.news.naver.com/mnews/article/028/0002679996?sid=110,한겨레,2024/03/07
IT/Science,https://n.news.naver.com/mnews/article/014/0005146027,파이낸셜뉴스,2024/02/22
Column,https://n.news.naver.com/mnews/article/023/0003819911?sid=110,조선일보,2024/03/03
Column,https://n.news.naver.com/mnews/article/469/0000788330?sid=110,한국일보,2024/03/02
IT/Science,https://n.news.naver.com/mnews/article/092/0002322434,지디넷코리아,2024/02/25
Column,https://n.news.naver.com/mnews/article/469/0000787697?sid=110,한국일보,2024/02/27
Economy,https://n.news.naver.com/mnews/article/215/0001149325,한국경제TV,2024/02/20
Column,https://n.news.naver.com/mnews/article/028/0002677518?sid=110,한겨레,2024/02/19
Economy,https://n.news.naver.com/mnews/article/018/0005678848,이데일리,2024/02/22
Column,https://n.news.naver.com/mnews/article/011/0004308781?sid=110,서울경제,2024/03/05
Column,https://n.news.naver.com/mnews/article/021/0002625353?sid=110,문화일보,2024/03/08
Column,https://n.news.naver.com/mnews/article/032/0003281878?sid=110,경향신문,2024/02/29
Economy,https://n.news.naver.com/mnews/article/008/0005003347,머니투데이,2024/02/24
Society,https://n.news.naver.com/mnews/article/001/0014524372,연합뉴스,2024/02/23
Column,https://n.news.naver.com/mnews/article/029/0002860615?sid=110,디지털타임스,2024/03/12
Economy,https://n.news.naver.com/mnews/article/001/0014519098,연합뉴스,2024/02/21
World,https://n.news.naver.com/mnews/article/052/0002003465,YTN,02.27(화)
World,https://n.news.naver.com/mnews/article/366/0000973935,조선비즈,2024/02/28
Column,https://n.news.naver.com/mnews/article/029/0002857338?sid=110,디지털타임스,2024/02/25
IT/Science,https://n.news.naver.com/mnews/article/016/0002270175,헤럴드경제,2024/02/22
Column,https://n.news.naver.com/mnews/article/658/0000066825?sid=110,국제신문,2024/02/23
Column,https://n.news.naver.com/mnews/article/014/0005152358?sid=110,파이낸셜뉴스,2024/03/06
Economy,https://n.news.naver.com/mnews/article/014/0005143820,파이낸셜뉴스,2024/02/19
Politics,https://n.news.naver.com/mnews/article/001/0014524360,연합뉴스,2024/02/23
Economy,https://n.news.naver.com/mnews/article/277/0005381179,아시아경제,2024/02/18
World,https://n.news.naver.com/mnews/article/421/0007371689,뉴스1,2024/02/24
Column,https://n.news.naver.com/mnews/article/028/0002680254?sid=110,한겨레,2024/03/10
Society,https://n.news.naver.com/mnews/article/020/0003549271,동아일보,2024/02/21
Column,https://n.news.naver.com/mnews/article/469/0000789579?sid=110,한국일보,2024/03/09
Column,https://n.news.naver.com/mnews/article/005/0001676349?sid=110,국민일보,2024/02/24
Column,https://n.news.naver.com/mnews/article/658/0000066995?sid=110,국제신문,2024/02/26
Politics,https://n.news.naver.com/mnews/article/629/0000269354,더팩트,2024/02/24
Column,https://n.news.naver.com/mnews/article/032/0003279783?sid=110,경향신문,2024/02/19
Politics,https://n.news.naver.com/mnews/article/366/0000971927,조선비즈,2024/02/21
World,https://n.news.naver.com/mnews/article/449/0000268565,채널A,2024/02/22
Column,https://n.news.naver.com/mnews/article/008/0005007243?sid=110,머니투데이,2024/03/05
Society,https://n.news.naver.com/mnews/article/003/0012380298,뉴시스,2024/02/19
Life/Culture,https://n.news.naver.com/mnews/article/056/0011668670,KBS,2024/02/24
Column,https://n.news.naver.com/mnews/article/011/0004311613?sid=110,서울경제,2024.03.11
IT/Science,https://n.news.naver.com/mnews/article/009/0005260425,매일경제,2024/02/19
Column,https://n.news.naver.com/mnews/article/011/0004310578?sid=110,서울경제,2024/03/09
Column,https://n.news.naver.com/mnews/article/032/0003279790?sid=110,경향신문,2024/02/19
Column,https://n.news.naver.com/mnews/article/656/0000081903?sid=110,대전일보,2024/03/05
Society,https://n.news.naver.com/mnews/article/011/0004301803,서울경제,2024/02/19
Column,https://n.news.naver.com/mnews/article/009/0005261426?sid=110,매일경제,2024/02/21
Society,https://n.news.naver.com/mnews/article/422/0000647222,연합뉴스TV,2024/02/28
World,https://n.news.naver.com/mnews/article/092/0002321764,지디넷코리아,2024/02/20
Economy,https://n.news.naver.com/mnews/article/243/0000056658,이코노미스트,2024/02/23
Column,https://n.news.naver.com/mnews/article/029/0002859475?sid=110,디지털타임스,2024/03/06
Column,https://n.news.naver.com/mnews/article/032/0003280560?sid=110,경향신문,2024/02/22
Column,https://n.news.naver.com/mnews/article/658/0000067335?sid=110,국제신문,2024/02/29
IT/Science,https://n.news.naver.com/mnews/article/119/0002801871,데일리안,2024/02/21
Column,https://n.news.naver.com/mnews/article/119/0002802528?sid=110,데일리안,2024/02/23
World,https://n.news.naver.com/mnews/article/003/0012384383,뉴시스,2024/02/21
Economy,https://n.news.naver.com/mnews/article/029/0002856170,디지털타임스,2024/02/19
Economy,https://n.news.naver.com/mnews/article/016/0002270972,헤럴드경제,2024/02/23
Column,https://n.news.naver.com/mnews/article/011/0004311612?sid=110,서울경제,2024/03/11
Column,https://n.news.naver.com/mnews/article/023/0003818243?sid=110,조선일보,2024/02/22
Column,https://n.news.naver.com/mnews/article/028/0002678330?sid=110,한겨레,2024/02/25
Column,https://n.news.naver.com/mnews/article/032/0003282251?sid=110,경향신문,2024/03/03
Life/Culture,https://n.news.naver.com/mnews/article/052/0002002101,YTN,2024/02/24
World,https://n.news.naver.com/mnews/article/003/0012380936,뉴시스,2024/02/19
Life/Culture,https://n.news.naver.com/mnews/article/214/0001333090,MBC,2024/02/27
Economy,https://n.news.naver.com/mnews/article/003/0012400467,뉴시스,2024/02/29
Economy,https://n.news.naver.com/mnews/article/277/0005381721,아시아경제,2024/02/20
Column,https://n.news.naver.com/mnews/article/029/0002859476?sid=110,디지털타임스,2024/03/06
Column,https://n.news.naver.com/mnews/article/005/0001676598?sid=110,국민일보,2024/02/26
Economy,https://n.news.naver.com/mnews/article/648/0000023566,비즈워치,2024/02/23
Column,https://n.news.naver.com/mnews/article/032/0003279785?sid=110,경향신문,2024/02/19
Economy,https://n.news.naver.com/mnews/article/056/0011672005,KBS,2024/02/29
Column,https://n.news.naver.com/mnews/article/666/0000034939?sid=110,경기일보,2024/02/29
Society,https://n.news.naver.com/mnews/article/081/0003432696,서울신문,2024/02/25
Society,https://n.news.naver.com/mnews/article/032/0003280929,경향신문,02.26(월)
World,https://n.news.naver.com/mnews/article/014/0005146805,파이낸셜뉴스,2024/02/24
Economy,https://n.news.naver.com/mnews/article/056/0011664659,KBS,2024/02/19
Economy,https://n.news.naver.com/mnews/article/082/0001256598,부산일보,2024/02/21
Society,https://n.news.naver.com/mnews/article/374/0000371834,SBS Biz,2024/02/25
World,https://n.news.naver.com/mnews/article/449/0000268288,채널A,2024/02/19
Society,https://n.news.naver.com/mnews/article/031/0000814907,아이뉴스24,2024/02/22
World,https://n.news.naver.com/mnews/article/001/0014520581,연합뉴스,2024/02/22
Column,https://n.news.naver.com/mnews/article/023/0003819355?sid=110,조선일보,2024/02/29
Column,https://n.news.naver.com/mnews/article/020/0003552008?sid=110,동아일보,2024/03/07
Column,https://n.news.naver.com/mnews/article/023/0003818706?sid=110,조선일보,2024.02.26
Column,https://n.news.naver.com/mnews/article/015/0004956204?sid=110,한국경제,2024/03/06
Column,https://n.news.naver.com/mnews/article/658/0000066824?sid=110,국제신문,2024/02/23
Economy,https://n.news.naver.com/mnews/article/018/0005683224,이데일리,2024/02/29
Column,https://n.news.naver.com/mnews/article/277/0005382560?sid=110,아시아경제,2024/02/21
World,https://n.news.naver.com/mnews/article/056/0011669291,KBS,2024/02/26
Column,https://n.news.naver.com/mnews/article/028/0002680617?sid=110,한겨레,2024/03/12
Column,https://n.news.naver.com/mnews/article/023/0003819538?sid=110,조선일보,2024/02/29
Column,https://n.news.naver.com/mnews/article/032/0003280551?sid=110,경향신문,2024/02/22
Column,https://n.news.naver.com/mnews/article/020/0003552014?sid=110,동아일보,2024/03/07
Society,https://n.news.naver.com/mnews/article/214/0001332563,MBC,2024/02/24
Column,https://n.news.naver.com/mnews/article/023/0003818331?sid=110,조선일보,2024.02.23
Column,https://n.news.naver.com/mnews/article/005/0001677493?sid=110,국민일보,2024/02/29
Column,https://n.news.naver.com/mnews/article/243/0000057129?sid=110,이코노미스트,2024/03/09
Column,https://n.news.naver.com/mnews/article/023/0003818711?sid=110,조선일보,2024/02/26
Column,https://n.news.naver.com/mnews/article/014/0005155112?sid=110,파이낸셜뉴스,2024/03/12
Column,https://n.news.naver.com/mnews/article/346/0000070866?sid=110,헬스조선,2024/02/21
Column,https://n.news.naver.com/mnews/article/656/0000082737?sid=110,대전일보,2024/03/11
Column,https://n.news.naver.com/mnews/article/032/0003281875?sid=110,경향신문,2024/02/29
Life/Culture,https://n.news.naver.com/mnews/article/055/0001133635,SBS,2024/02/25
Column,https://n.news.naver.com/mnews/article/005/0001678596?sid=110,국민일보,2024/03/05
IT/Science,https://n.news.naver.com/mnews/article/018/0005680120,이데일리,2024/02/25
Society,https://n.news.naver.com/mnews/article/008/0005003207,머니투데이,2024/02/23
Column,https://n.news.naver.com/mnews/article/658/0000067337?sid=110,국제신문,2024/02/29
World,https://n.news.naver.com/mnews/article/014/0005146853,파이낸셜뉴스,2024/02/24
World,https://n.news.naver.com/mnews/article/028/0002677345,한겨레,2024/02/18
Economy,https://n.news.naver.com/mnews/article/016/0002268734,헤럴드경제,2024/02/19
Column,https://n.news.naver.com/mnews/article/032/0003282988?sid=110,경향신문,2024/03/06
Society,https://n.news.naver.com/mnews/article/056/0011671367,KBS,2024/02/28
Column,https://n.news.naver.com/mnews/article/469/0000788495?sid=110,한국일보,2024/03/03
Column,https://n.news.naver.com/mnews/article/023/0003817559?sid=110,조선일보,2024/02/19
Column,https://n.news.naver.com/mnews/article/656/0000081905?sid=110,대전일보,2024/03/05
Life/Culture,https://n.news.naver.com/mnews/article/023/0003818189,조선일보,2024/02/22
Column,https://n.news.naver.com/mnews/article/014/0005150987?sid=110,파이낸셜뉴스,2024/03/04
Column,https://n.news.naver.com/mnews/article/658/0000066486?sid=110,국제신문,2024/02/20
Society,https://n.news.naver.com/mnews/article/629/0000269454,더팩트,2024/02/25
Column,https://n.news.naver.com/mnews/article/032/0003281137?sid=110,경향신문,2024.02.26
Column,https://n.news.naver.com/mnews/article/088/0000863279?sid=110,매일신문,2024/02/20
Life/Culture,https://n.news.naver.com/mnews/article/018/0005676923,이데일리,2024/02/20
Column,https://n.news.naver.com/mnews/article/002/0002322753?sid=110,프레시안,2024/03/09
World,https://n.news.naver.com/mnews/article/025/0003343477,중앙일보,2024/02/25
Column,https://n.news.naver.com/mnews/article/002/0002320806?sid=110,프레시안,2024/02/24
Column,https://n.news.naver.com/mnews/article/658/0000066712?sid=110,국제신문,2024/02/22
Life/Culture,https://n.news.naver.com/mnews/article/437/0000380344,JTBC,2024/02/19
Society,https://n.news.naver.com/mnews/article/028/0002678089,한겨레,2024/02/22
Column,https://n.news.naver.com/mnews/article/032/0003280553?sid=110,경향신문,2024/02/22
Column,https://n.news.naver.com/mnews/article/023/0003818721?sid=110,조선일보,2024/02/26
Column,https://n.news.naver.com/mnews/article/005/0001678020?sid=110,국민일보,2024/03/02
Society,https://n.news.naver.com/mnews/article/081/0003432704,서울신문,2024/02/25
Life/Culture,https://n.news.naver.com/mnews/article/023/0003818640,조선일보,2024/02/25
Life/Culture,https://n.news.naver.com/mnews/article/422/0000647076,연합뉴스TV,2024/02/27
Society,https://n.news.naver.com/mnews/article/002/0002319921,프레시안,2024/02/19
Column,https://n.news.naver.com/mnews/article/001/0014524583?sid=110,연합뉴스,2024/02/24
Column,https://n.news.naver.com/mnews/article/011/0004311611?sid=110,서울경제,2024/03/11
World,https://n.news.naver.com/mnews/article/001/0014526132,연합뉴스,2024/02/25
Life/Culture,https://n.news.naver.com/mnews/article/346/0000070884,헬스조선,2024/02/21
IT/Science,https://n.news.naver.com/mnews/article/016/0002273519,헤럴드경제,2024/02/29
Column,https://n.news.naver.com/mnews/article/243/0000057145?sid=110,이코노미스트,2024/03/10
Column,https://n.news.naver.com/mnews/article/029/0002857916?sid=110,디지털타임스,2024/02/27
Column,https://n.news.naver.com/mnews/article/088/0000863068?sid=110,매일신문,2024/02/19
Column,https://n.news.naver.com/mnews/article/032/0003281881?sid=110,경향신문,2024/02/29
Column,https://n.news.naver.com/mnews/article/018/0005677583?sid=110,이데일리,2024/02/21
Column,https://n.news.naver.com/mnews/article/082/0001258935?sid=110,부산일보,2024/03/06
Column,https://n.news.naver.com/mnews/article/028/0002678328?sid=110,한겨레,2024/02/25
Column,https://n.news.naver.com/mnews/article/011/0004306927?sid=110,서울경제,2024.02.29
Column,https://n.news.naver.com/mnews/article/028/0002678513?sid=110,한겨레,2024/02/26
IT/Science,https://n.news.naver.com/mnews/article/277/0005383426,아시아경제,2024/02/22
Column,https://n.news.naver.com/mnews/article/656/0000082734?sid=110,대전일보,2024/03/11
IT/Science,https://n.news.naver.com/mnews/article/029/0002858219,디지털타임스,2024/02/29
Column,https://n.news.naver.com/mnews/article/082/0001259303?sid=110,부산일보,2024/03/09
Politics,https://n.news.naver.com/mnews/article/469/0000787979,한국일보,2024/02/28
Society,https://n.news.naver.com/mnews/article/011/0004301580,서울경제,2024/02/19
Column,https://n.news.naver.com/mnews/article/029/0002857352?sid=110,디지털타임스,2024/02/25
Economy,https://n.news.naver.com/mnews/article/055/0001132634,SBS,2024/02/21
IT/Science,https://n.news.naver.com/mnews/article/009/0005262136,매일경제,2024/02/22
Politics,https://n.news.naver.com/mnews/article/018/0005680925,이데일리,2024/02/26
IT/Science,https://n.news.naver.com/mnews/article/277/0005385607,아시아경제,2024/02/28
Economy,https://n.news.naver.com/mnews/article/277/0005384224,아시아경제,2024/02/25
Column,https://n.news.naver.com/mnews/article/025/0003345512?sid=110,중앙일보,2024/03/06
Column,https://n.news.naver.com/mnews/article/469/0000789352?sid=110,한국일보,2024/03/07
Column,https://n.news.naver.com/mnews/article/023/0003818304?sid=110,조선일보,2024.02.23
Column,https://n.news.naver.com/mnews/article/658/0000066994?sid=110,국제신문,2024/02/26
Column,https://n.news.naver.com/mnews/article/011/0004305034?sid=110,서울경제,2024.02.26
Column,https://n.news.naver.com/mnews/article/028/0002679787?sid=110,한겨레,2024/03/06
Politics,https://n.news.naver.com/mnews/article/018/0005678821,이데일리,2024/02/22
IT/Science,https://n.news.naver.com/mnews/article/366/0000971551,조선비즈,2024/02/20
Society,https://n.news.naver.com/mnews/article/422/0000646517,연합뉴스TV,2024/02/24
Column,https://n.news.naver.com/mnews/article/032/0003279786?sid=110,경향신문,2024/02/19
IT/Science,https://n.news.naver.com/mnews/article/008/0005004050,머니투데이,2024/02/26
Column,https://n.news.naver.com/mnews/article/032/0003282761?sid=110,경향신문,2024/03/05
World,https://n.news.naver.com/mnews/article/016/0002272233,헤럴드경제,2024/02/27
IT/Science,https://n.news.naver.com/mnews/article/277/0005382513,아시아경제,2024/02/21
Column,https://n.news.naver.com/mnews/article/032/0003282764?sid=110,경향신문,2024/03/05
Society,https://n.news.naver.com/mnews/article/001/0014535684,연합뉴스,2024/02/29
Life/Culture,https://n.news.naver.com/mnews/article/056/0011666420,KBS,2024/02/21
Column,https://n.news.naver.com/mnews/article/028/0002680066?sid=110,한겨레,2024/03/08
Life/Culture,https://n.news.naver.com/mnews/article/005/0001675279,국민일보,2024/02/20
Column,https://n.news.naver.com/mnews/article/005/0001676347?sid=110,국민일보,2024/02/24
Column,https://n.news.naver.com/mnews/article/021/0002622432?sid=110,문화일보,2024/02/21
Society,https://n.news.naver.com/mnews/article/081/0003432626,서울신문,2024/02/24
Politics,https://n.news.naver.com/mnews/article/016/0002271263,헤럴드경제,2024/02/24
Column,https://n.news.naver.com/mnews/article/014/0005147126?sid=110,파이낸셜뉴스,2024/02/25
Column,https://n.news.naver.com/mnews/article/119/0002802965?sid=110,데일리안,2024/02/24
Column,https://n.news.naver.com/mnews/article/082/0001258213?sid=110,부산일보,2024/03/02
Column,https://n.news.naver.com/mnews/article/025/0003345503?sid=110,중앙일보,2024/03/06
Column,https://n.news.naver.com/mnews/article/025/0003342329?sid=110,중앙일보,2024/02/20
IT/Science,https://n.news.naver.com/mnews/article/015/0004952491,한국경제,2024/02/25
Column,https://n.news.naver.com/mnews/article/014/0005150991?sid=110,파이낸셜뉴스,2024/03/04
Column,https://n.news.naver.com/mnews/article/022/0003905775?sid=110,세계일보,2024/02/20
Politics,https://n.news.naver.com/mnews/article/057/0001802633,MBN,2024/02/29
Column,https://n.news.naver.com/mnews/article/024/0000087641?sid=110,매경이코노미,2024/02/24
Column,https://n.news.naver.com/mnews/article/005/0001676105?sid=110,국민일보,2024/02/23
IT/Science,https://n.news.naver.com/mnews/article/014/0005148407,파이낸셜뉴스,2024/02/27
World,https://n.news.naver.com/mnews/article/055/0001133189,SBS,2024/02/22
IT/Science,https://n.news.naver.com/mnews/article/015/0004950191,한국경제,2024/02/19
Politics,https://n.news.naver.com/mnews/article/214/0001331462,MBC,2024/02/19
Politics,https://n.news.naver.com/mnews/article/119/0002802361,데일리안,2024/02/22
Column,https://n.news.naver.com/mnews/article/014/0005153021?sid=110,파이낸셜뉴스,2024/03/07
Column,https://n.news.naver.com/mnews/article/032/0003282249?sid=110,경향신문,2024.03.03
Society,https://n.news.naver.com/mnews/article/469/0000787440,한국일보,2024/02/26
Economy,https://n.news.naver.com/mnews/article/015/0004950060,한국경제,2024/02/19
Politics,https://n.news.naver.com/mnews/article/032/0003280246,경향신문,2024/02/21
Column,https://n.news.naver.com/mnews/article/032/0003282515?sid=110,경향신문,2024/03/04
Society,https://n.news.naver.com/mnews/article/052/0002000711,YTN,2024/02/21
World,https://n.news.naver.com/mnews/article/005/0001675780,국민일보,2024/02/22
Column,https://n.news.naver.com/mnews/article/032/0003281384?sid=110,경향신문,2024/02/27
Life/Culture,https://n.news.naver.com/mnews/article/056/0011671612,KBS,2024/02/29
Society,https://n.news.naver.com/mnews/article/001/0014523715,연합뉴스,2024/02/23
World,https://n.news.naver.com/mnews/article/422/0000646294,연합뉴스TV,2024/02/22
Column,https://n.news.naver.com/mnews/article/014/0005152357?sid=110,파이낸셜뉴스,2024/03/06
Life/Culture,https://n.news.naver.com/mnews/article/016/0002272626,헤럴드경제,2024/02/27
IT/Science,https://n.news.naver.com/mnews/article/018/0005679589,이데일리,2024/02/23
World,https://n.news.naver.com/mnews/article/025/0003344009,중앙일보,2024/02/27
Economy,https://n.news.naver.com/mnews/article/215/0001149617,한국경제TV,2024/02/22
Politics,https://n.news.naver.com/mnews/article/008/0005001417,머니투데이,2024/02/20
World,https://n.news.naver.com/mnews/article/021/0002622495,문화일보,2024/02/21
Column,https://n.news.naver.com/mnews/article/029/0002860607?sid=110,디지털타임스,2024/03/12
Economy,https://n.news.naver.com/mnews/article/417/0000984441,머니S,2024/02/26
Column,https://n.news.naver.com/mnews/article/032/0003282503?sid=110,경향신문,2024/03/04
IT/Science,https://n.news.naver.com/mnews/article/032/0003280685,경향신문,2024/02/23
Column,https://n.news.naver.com/mnews/article/008/0005002153?sid=110,머니투데이,2024/02/22
Column,https://n.news.naver.com/mnews/article/028/0002679462?sid=110,한겨레,2024/03/04
Politics,https://n.news.naver.com/mnews/article/214/0001333093,MBC,2024/02/27
Column,https://n.news.naver.com/mnews/article/088/0000866955?sid=110,매일신문,2024/03/12
Politics,https://n.news.naver.com/mnews/article/015/0004950360,한국경제,2024/02/19
Economy,https://n.news.naver.com/mnews/article/025/0003343092,중앙일보,2024/02/23
Politics,https://n.news.naver.com/mnews/article/022/0003905751,세계일보,2024/02/19
World,https://n.news.naver.com/mnews/article/020/0003550533,동아일보,2024/02/28
Life/Culture,https://n.news.naver.com/mnews/article/421/0007371438,뉴스1,2024/02/24
Economy,https://n.news.naver.com/mnews/article/011/0004305657,서울경제,2024/02/27
Column,https://n.news.naver.com/mnews/article/032/0003281382?sid=110,경향신문,2024/02/27
Society,https://n.news.naver.com/mnews/article/020/0003548843,동아일보,2024/02/20
Column,https://n.news.naver.com/mnews/article/366/0000972847?sid=110,조선비즈,2024/02/24
Politics,https://n.news.naver.com/mnews/article/016/0002270130,헤럴드경제,2024/02/22
Column,https://n.news.naver.com/mnews/article/028/0002679619?sid=110,한겨레,2024/03/05
Life/Culture,https://n.news.naver.com/mnews/article/055/0001133517,SBS,2024/02/24
Column,https://n.news.naver.com/mnews/article/005/0001676138?sid=110,국민일보,2024/02/23
Column,https://n.news.naver.com/mnews/article/005/0001676560?sid=110,국민일보,2024/02/26
Column,https://n.news.naver.com/mnews/article/666/0000034937?sid=110,경기일보,2024/02/29
Society,https://n.news.naver.com/mnews/article/003/0012387667,뉴시스,2024/02/22
Column,https://n.news.naver.com/mnews/article/020/0003552007?sid=110,동아일보,2024/03/07
Society,https://n.news.naver.com/mnews/article/032/0003281848,경향신문,2024/02/29
Column,https://n.news.naver.com/mnews/article/088/0000863067?sid=110,매일신문,2024/02/19
World,https://n.news.naver.com/mnews/article/056/0011665343,KBS,2024/02/20
World,https://n.news.naver.com/mnews/article/421/0007367995,뉴스1,2024/02/22
Column,https://n.news.naver.com/mnews/article/029/0002860335?sid=110,디지털타임스,2024/03/11
Column,https://n.news.naver.com/mnews/article/005/0001678012?sid=110,국민일보,2024/03/02
Column,https://n.news.naver.com/mnews/article/666/0000034408?sid=110,경기일보,2024/02/23
Society,https://n.news.naver.com/mnews/article/029/0002857198,디지털타임스,2024/02/24
Society,https://n.news.naver.com/mnews/article/469/0000786455,한국일보,2024/02/20
Economy,https://n.news.naver.com/mnews/article/029/0002857842,디지털타임스,2024/02/27
IT/Science,https://n.news.naver.com/mnews/article/001/0014514170,연합뉴스,2024/02/19
Column,https://n.news.naver.com/mnews/article/025/0003342340?sid=110,중앙일보,2024/02/20
World,https://n.news.naver.com/mnews/article/016/0002268559,헤럴드경제,2024/02/19
Column,https://n.news.naver.com/mnews/article/032/0003280036?sid=110,경향신문,2024/02/20
World,https://n.news.naver.com/mnews/article/056/0011669126,KBS,2024/02/26
Column,https://n.news.naver.com/mnews/article/666/0000034288?sid=110,경기일보,2024/02/22
Column,https://n.news.naver.com/mnews/article/023/0003818069?sid=110,조선일보,2024.02.22
Economy,https://n.news.naver.com/mnews/article/016/0002269357,헤럴드경제,2024/02/20
IT/Science,https://n.news.naver.com/mnews/article/001/0014513848,연합뉴스,2024/02/19
Life/Culture,https://n.news.naver.com/mnews/article/088/0000863851,매일신문,2024/02/24
Politics,https://n.news.naver.com/mnews/article/003/0012391236,뉴시스,2024/02/25
Column,https://n.news.naver.com/mnews/article/011/0004308162?sid=110,서울경제,2024.03.04
Column,https://n.news.naver.com/mnews/article/015/0004956206?sid=110,한국경제,2024/03/06
IT/Science,https://n.news.naver.com/mnews/article/031/0000815846,아이뉴스24,2024/02/27
Politics,https://n.news.naver.com/mnews/article/055/0001133723,SBS,2024/02/25
Society,https://n.news.naver.com/mnews/article/014/0005149337,파이낸셜뉴스,2024/02/29
Politics,https://n.news.naver.com/mnews/article/014/0005144074,파이낸셜뉴스,2024/02/19
Column,https://n.news.naver.com/mnews/article/032/0003281135?sid=110,경향신문,2024/02/26
IT/Science,https://n.news.naver.com/mnews/article/030/0003183864,전자신문,2024/02/26
World,https://n.news.naver.com/mnews/article/366/0000972951,조선비즈,2024/02/25
World,https://n.news.naver.com/mnews/article/055/0001135018,SBS,2024/02/29
Life/Culture,https://n.news.naver.com/mnews/article/028/0002677795,한겨레,2024/02/21
Politics,https://n.news.naver.com/mnews/article/081/0003431684,서울신문,2024/02/20
Life/Culture,https://n.news.naver.com/mnews/article/020/0003549484,동아일보,2024/02/22
Column,https://n.news.naver.com/mnews/article/028/0002680003?sid=110,한겨레,2024/03/07
IT/Science,https://n.news.naver.com/mnews/article/015/0004950069,한국경제,2024/02/19
Life/Culture,https://n.news.naver.com/mnews/article/023/0003817563,조선일보,2024/02/20
Column,https://n.news.naver.com/mnews/article/648/0000023473?sid=110,비즈워치,2024/02/21
Society,https://n.news.naver.com/mnews/article/055/0001133652,SBS,2024/02/25
Politics,https://n.news.naver.com/mnews/article/052/0002001243,YTN,2024/02/22
Life/Culture,https://n.news.naver.com/mnews/article/119/0002801149,데일리안,2024/02/19
Column,https://n.news.naver.com/mnews/article/032/0003280037?sid=110,경향신문,2024/02/20
Life/Culture,https://n.news.naver.com/mnews/article/374/0000371212,SBS Biz,2024/02/20
Society,https://n.news.naver.com/mnews/article/008/0005003507,머니투데이,2024/02/25
Economy,https://n.news.naver.com/mnews/article/003/0012380843,뉴시스,2024/02/19
Column,https://n.news.naver.com/mnews/article/016/0002269765?sid=110,헤럴드경제,2024/02/21
Column,https://n.news.naver.com/mnews/article/032/0003280040?sid=110,경향신문,2024/02/20
Column,https://n.news.naver.com/mnews/article/088/0000865506?sid=110,매일신문,2024/03/04
Column,https://n.news.naver.com/mnews/article/023/0003819357?sid=110,조선일보,2024/02/29
World,https://n.news.naver.com/mnews/article/018/0005679788,이데일리,2024/02/24
Column,https://n.news.naver.com/mnews/article/008/0005009693?sid=110,머니투데이,2024/03/10
IT/Science,https://n.news.naver.com/mnews/article/008/0005001440,머니투데이,2024/02/20
Column,https://n.news.naver.com/mnews/article/658/0000066822?sid=110,국제신문,2024/02/23
Society,https://n.news.naver.com/mnews/article/422/0000647053,연합뉴스TV,2024/02/27
IT/Science,https://n.news.naver.com/mnews/article/029/0002857224,디지털타임스,2024/02/25
Column,https://n.news.naver.com/mnews/article/119/0002805791?sid=110,데일리안,2024/03/05
IT/Science,https://n.news.naver.com/mnews/article/277/0005385734,아시아경제,2024/02/28
Column,https://n.news.naver.com/mnews/article/032/0003282500?sid=110,경향신문,2024/03/04
Economy,https://n.news.naver.com/mnews/article/009/0005263487,매일경제,2024/02/25
Column,https://n.news.naver.com/mnews/article/024/0000087768?sid=110,매경이코노미,2024/03/03
Column,https://n.news.naver.com/mnews/article/469/0000790116?sid=110,한국일보,2024/03/12
World,https://n.news.naver.com/mnews/article/023/0003818464,조선일보,2024/02/23
Column,https://n.news.naver.com/mnews/article/021/0002625351?sid=110,문화일보,2024/03/08
IT/Science,https://n.news.naver.com/mnews/article/648/0000023420,비즈워치,2024/02/19
Politics,https://n.news.naver.com/mnews/article/025/0003343549,중앙일보,2024/02/26
World,https://n.news.naver.com/mnews/article/052/0002001589,YTN,2024/02/22
IT/Science,https://n.news.naver.com/mnews/article/008/0005001394,머니투데이,2024/02/20
Column,https://n.news.naver.com/mnews/article/001/0014538121?sid=110,연합뉴스,2024/03/02
Column,https://n.news.naver.com/mnews/article/023/0003818322?sid=110,조선일보,2024/02/23
Society,https://n.news.naver.com/mnews/article/422/0000646576,연합뉴스TV,2024/02/24
Politics,https://n.news.naver.com/mnews/article/437/0000380345,JTBC,2024/02/19
Life/Culture,https://n.news.naver.com/mnews/article/055/0001134896,SBS,2024/02/29
World,https://n.news.naver.com/mnews/article/025/0003342948,중앙일보,2024/02/22
Economy,https://n.news.naver.com/mnews/article/018/0005676273,이데일리,2024/02/19
Society,https://n.news.naver.com/mnews/article/056/0011668851,KBS,2024/02/25
Column,https://n.news.naver.com/mnews/article/082/0001257090?sid=110,부산일보,2024/02/24
Economy,https://n.news.naver.com/mnews/article/138/0002167301,디지털데일리,2024/02/22
Life/Culture,https://n.news.naver.com/mnews/article/437/0000381070,JTBC,2024/02/24
Column,https://n.news.naver.com/mnews/article/658/0000067001?sid=110,국제신문,2024/02/26
World,https://n.news.naver.com/mnews/article/022/0003905601,세계일보,2024/02/19
World,https://n.news.naver.com/mnews/article/056/0011668141,KBS,2024/02/23
Life/Culture,https://n.news.naver.com/mnews/article/009/0005261912,매일경제,2024/02/21
Column,https://n.news.naver.com/mnews/article/082/0001258934?sid=110,부산일보,2024/03/06
Life/Culture,https://n.news.naver.com/mnews/article/056/0011667285,KBS,2024/02/22
Column,https://n.news.naver.com/mnews/article/032/0003282498?sid=110,경향신문,2024/03/04
Economy,https://n.news.naver.com/mnews/article/029/0002857788,디지털타임스,2024/02/27
Column,https://n.news.naver.com/mnews/article/088/0000866431?sid=110,매일신문,2024/03/10
Column,https://n.news.naver.com/mnews/article/033/0000046889?sid=110,주간경향,2024/03/05
Politics,https://n.news.naver.com/mnews/article/018/0005677937,이데일리,2024/02/21
Life/Culture,https://n.news.naver.com/mnews/article/030/0003183276,전자신문,2024/02/23
Politics,https://n.news.naver.com/mnews/article/082/0001256569,부산일보,2024/02/21
World,https://n.news.naver.com/mnews/article/018/0005678020,이데일리,2024/02/21
Life/Culture,https://n.news.naver.com/mnews/article/016/0002271463,헤럴드경제,2024/02/25
Society,https://n.news.naver.com/mnews/article/001/0014521904,연합뉴스,2024/02/22
World,https://n.news.naver.com/mnews/article/001/0014524531,연합뉴스,2024/02/24
Economy,https://n.news.naver.com/mnews/article/011/0004301730,서울경제,2024/02/19
Column,https://n.news.naver.com/mnews/article/032/0003282254?sid=110,경향신문,2024/03/03
Politics,https://n.news.naver.com/mnews/article/003/0012388256,뉴시스,2024/02/23
Column,https://n.news.naver.com/mnews/article/029/0002857336?sid=110,디지털타임스,2024/02/25
Politics,https://n.news.naver.com/mnews/article/421/0007373216,뉴스1,2024/02/25
Economy,https://n.news.naver.com/mnews/article/421/0007384096,뉴스1,2024/02/29
Society,https://n.news.naver.com/mnews/article/016/0002271465,헤럴드경제,2024/02/25
Column,https://n.news.naver.com/mnews/article/021/0002625347?sid=110,문화일보,2024/03/08
World,https://n.news.naver.com/mnews/article/052/0002002573,YTN,2024/02/26
Economy,https://n.news.naver.com/mnews/article/025/0003343711,중앙일보,2024/02/26
